Job Number,Borough Name,Count Permits,First Permit Date,Current Date,Age,Permit Expiration Date,Sidewalk Shed/Linear Feet,Construction Material,Current Job Status,BIN Number,Community Board,Latitude Point,Longitude Point,House Number,Street Name,Borough Digit,Block,Lot,Applicant Business Name,ProCert,Source,activity
103648545,Manhattan,0,10/14/2015,8/27/2022,2508,10/15/2022,850,METAL PIPE/WOOD,R,1056676,107,40.802650451660156,-73.96595001220703,218,WEST 109 STREET,1,01880,00013,BILTMORE GENERAL CONTRACT,1,BIS,Construction or Maintenance
103649036,Manhattan,0,3/10/2016,8/27/2022,2360,1/13/2023,1256,METAL PIPE/WOOD,R,1032522,107,40.791358947753906,-73.97097778320312,140,WEST   93 STREET,1,01223,00005,ADAM'S EUROPEAN CONTRACTI,1,BIS,Local Law 11
104416464,Manhattan,0,4/27/2006,8/27/2022,5965,6/3/2023,220,Steel/wood,R,1061186,109,40.829368591308594,-73.9400405883789,409,EDGECOMBE AVENUE,1,02054,00062,ROCKLEDGE SCAFFOLD CORP,1,BIS,Local Law 11
110357952,Manhattan,0,10/17/2008,8/27/2022,5061,9/9/2022,90,WOOD AND STEEL,R,1031728,107,40.79148864746094,-73.96526336669922,356,CENTRAL PARK WEST,1,01209,07502,ROCKLEDGE SCAFFOLD CORP,1,BIS,Local Law 11
120351662,Manhattan,0,5/13/2010,8/27/2022,4488,5/20/2023,56,STEEL,R,1050240,108,40.78184127807617,-73.94844055175781,1772,2 AVENUE,1,01555,00004,CS BRIDGE CORP,1,BIS,Construction or Maintenance
120408834,Manhattan,0,7/9/2010,8/27/2022,4431,4/4/2023,112,WOOD AND STEEL,R,1032166,107,40.78654098510742,-73.97303009033203,114,WEST 86 STREET,1,01216,00039,ROCKLEDGE SCAFFOLD CORP,1,BIS,Local Law 11
120470409,Manhattan,0,9/16/2010,8/27/2022,4362,11/29/2022,65,STEEL/WOOD,R,1017833,105,40.73590087890625,-73.98799133300781,116,EAST 17 STREET,1,00872,00068,ROCKLEDGE SCAFFOLD CORP,1,BIS,Construction or Maintenance
120486633,Manhattan,0,9/29/2010,8/27/2022,4349,3/22/2023,100,WOOD AND STEEL,R,1079685,103,40.72631072998047,-73.9794921875,605,EAST    9 STREET,1,00392,00010,ROCKLEDGE SCAFFOLD CORP,1,BIS,Construction or Maintenance
120526225,Manhattan,0,11/4/2010,8/27/2022,4313,6/3/2023,217,STEEL/WOOD,R,1088498,103,40.720130920410156,-73.98950958251953,138,ALLEN STREET,1,00415,00067,ROCKLEDGE SCAFFOLD CORP,1,BIS,Construction or Maintenance
120725705,Manhattan,0,6/16/2011,8/27/2022,4089,2/8/2023,314,WOOD & STEEL,R,1026319,104,40.758270263671875,-73.99532318115234,443,WEST 40 STREET,1,01050,00006,BS GROUP INC,1,BIS,Construction or Maintenance
120937834,Manhattan,0,2/3/2012,8/27/2022,3857,4/20/2023,85,WOOD & STEEL,R,1009419,102,40.73326110839844,-73.99745178222656,24,WEST 9 STREET,1,00572,00026,S&E BRIDGE & SCAFFOLD LLC,1,BIS,Local Law 11
120953511,Manhattan,0,1/20/2012,8/27/2022,3871,11/12/2022,113,STEEL AND WOOD,R,1027188,107,40.7695198059082,-73.98294830322266,17,WEST 60 STREET,1,01113,00013,SPRING SCAFFOLDING LLC,1,BIS,Construction or Maintenance
120987236,Manhattan,0,3/1/2012,8/27/2022,3830,5/31/2023,77,WOOD & STEEL,R,1083575,104,40.74551010131836,-74.00375366210938,444,WEST   21 STREET,1,00718,00001,ARSENAL SCAFFOLD INC,1,BIS,Construction or Maintenance
121045127,Manhattan,0,4/23/2012,8/27/2022,3777,2/15/2023,339,WOOD/STEEL,R,1079043,101,40.70866012573242,-74.00798034667969,41,MAIDEN LANE,1,00067,00001,CS BRIDGE CORP,1,BIS,Local Law 11
121097945,Manhattan,0,7/19/2012,8/27/2022,3690,1/25/2023,25,WOOD & STEEL,R,1030722,107,40.780818939208984,-73.98220825195312,233,WEST 74 STREET,1,01166,00013,ROCKLEDGE SCAFFOLD CORP,1,BIS,Construction or Maintenance
121146811,Manhattan,0,7/19/2012,8/27/2022,3690,1/25/2023,25,WOOD & STEEL,R,1030723,107,40.78078842163086,-73.98214721679688,231,WEST 74 STREET,1,01166,00014,ROCKLEDGE SCAFFOLD CORP,1,BIS,Construction or Maintenance
121226734,Manhattan,0,6/7/2017,8/27/2022,1906,6/3/2023,40,STEEL,R,1090562,101,40.709110260009766,-74.00634765625,128,WILLIAM STREET,1,00077,07501,SAFWAY ATLANTIC  LLC,1,BIS,Construction or Maintenance
121240148,Manhattan,0,8/9/2017,8/27/2022,1843,11/9/2022,270,WOOD & STEEL,R,1016981,105,40.746498107910156,-73.98548126220703,303,   5 AVENUE,1,00861,00001,YARKS NYC INC,1,BIS,Local Law 11
121276172,Manhattan,0,8/17/2017,8/27/2022,1835,8/2/2023,158,WOOD & STEEL,R,1089248,101,40.7093391418457,-74.01265716552734,133,GREENWICH STREET,1,00052,00008,SAFWAY ATLANTIC  LLC,1,BIS,Construction or Maintenance
121545364,Manhattan,0,2/27/2013,8/27/2022,3467,1/6/2023,170,METAL WOOD,R,1026890,104,40.76860809326172,-73.9858627319336,408,WEST 58 STREET,1,01067,00037,CORE SCAFFOLD SYSTEMS INC,1,BIS,Construction or Maintenance
121844941,Manhattan,0,12/5/2013,8/27/2022,3186,4/15/2023,313,WOOD & STEEL,R,1030972,107,40.780189514160156,-73.98651885986328,344,WEST 72 STREET,1,01183,00053,S&E BRIDGE & SCAFFOLD LLC,1,BIS,Local Law 11
121859293,Manhattan,0,12/9/2013,8/27/2022,3182,5/13/2023,140,WOOD & STEEL,R,1023728,105,40.764949798583984,-73.97756958007812,107,WEST   57 STREET,1,01010,07507,S&E BRIDGE & SCAFFOLD LLC,1,BIS,Local Law 11
121987109,Manhattan,0,4/23/2014,8/27/2022,3047,7/20/2023,169,WOOD / STEEL,R,1002353,101,40.71842956542969,-74.0015869140625,78,WALKER STREET,1,00196,00029,PLATINUM SERVICES NY LLC,1,BIS,Local Law 11
122008781,Manhattan,0,6/19/2014,8/27/2022,2990,5/4/2023,522,WOOD & STEEL,R,1079377,107,40.781558990478516,-73.98165893554688,2139,BROADWAY,1,01167,07503,S&E BRIDGE & SCAFFOLD LLC,1,BIS,Local Law 11
122106078,Manhattan,0,8/19/2014,8/27/2022,2929,12/2/2022,42,WOOD / STEEL,R,1055054,110,40.80244064331055,-73.95143127441406,130,WEST 116 STREET,1,01825,00050,PLATINUM SERVICES NY LLC,1,BIS,Construction or Maintenance
122156095,Manhattan,0,12/15/2014,8/27/2022,2811,10/26/2022,113,WOOD & STEEL,R,1004959,103,40.72174072265625,-73.98391723632812,6,AVENUE B,1,00397,00038,YORK SCAFFOLD EQUIPMENT C,1,BIS,Construction or Maintenance
122199236,Manhattan,0,12/9/2014,8/27/2022,2817,3/16/2023,200,WOOD & STEEL,R,1016745,105,40.74188995361328,-73.98580169677734,352,PARK AVENUE SOUTH,1,00855,00016,ROCKLEDGE SCAFFOLD CORP,1,BIS,Local Law 11
122223502,Manhattan,0,1/30/2015,8/27/2022,2765,8/24/2023,585,586 LINEAR FT,R,1036505,105,40.76042938232422,-73.97103881835938,421,PARK AVENUE,1,01310,00001,SAFWAY ATLANTIC  LLC,1,BIS,Local Law 11
122280218,Manhattan,0,3/11/2015,8/27/2022,2725,11/17/2022,38,WOOD AND STEEL,R,1090832,101,40.70909881591797,-74.01277160644531,125,GREENWICH STREET,1,00051,00014,SAFWAY ATLANTIC  LLC,1,BIS,Construction or Maintenance
122517357,Manhattan,0,9/3/2015,8/27/2022,2549,8/10/2023,115,WOOD/STEEL,R,1063043,112,40.842010498046875,-73.93760681152344,551,WEST 170 STREET,1,02127,00022,COLGATE ENTERPRISE CORP,1,BIS,Local Law 11
122529825,Manhattan,0,9/17/2015,8/27/2022,2535,3/16/2023,45,WOOD / STEEL,R,1088478,101,40.70969009399414,-74.00713348388672,16,DUTCH STREET,1,00078,07510,PLATINUM SERVICES NY LLC,1,BIS,Local Law 11
122538995,Manhattan,0,12/7/2015,8/27/2022,2454,12/10/2022,39,WOOD & STEEL,R,1008510,102,40.7277717590332,-73.99392700195312,4,GREAT JONES STREET,1,00531,00015,ROCKLEDGE SCAFFOLD CORP,1,BIS,Construction or Maintenance
122574570,Manhattan,0,1/6/2016,8/27/2022,2424,11/29/2022,174,174,R,1015409,105,40.739200592041016,-73.99437713623047,44,WEST 18 STREET,1,00819,00010,ROCKLEDGE SCAFFOLD CORP,1,BIS,Local Law 11
122656009,Manhattan,0,1/11/2016,8/27/2022,2419,6/6/2023,60,STEEL AND WOOD,R,1059944,109,40.820709228515625,-73.9574966430664,632,WEST 135 STREET,1,02001,00058,SPRING SCAFFOLDING LLC,1,BIS,Construction or Maintenance
122687690,Manhattan,0,2/22/2016,8/27/2022,2377,2/2/2023,259,WOOD/STEEL,R,1050385,108,40.773681640625,-73.95117950439453,1562,1 AVENUE,1,01561,00001,SOHO CONTRACTING CORP,1,BIS,Local Law 11
122702049,Manhattan,0,3/31/2016,8/27/2022,2339,4/15/2023,215,STEEL,R,1014130,104,40.74430847167969,-73.99688720703125,216,WEST 23 STREET,1,00772,00064,VEMAGROUP LLC,1,BIS,Local Law 11
122736646,Manhattan,0,7/7/2016,8/27/2022,2241,6/24/2023,35,WOOD & STEEL,R,1002909,101,40.723270416259766,-74.00982666015625,450,GREENWICH STREET,1,00223,00029,SKYLINE SCAFFOLDING GROUP,1,BIS,Construction or Maintenance
122887242,Manhattan,0,11/3/2016,8/27/2022,2122,12/27/2022,345,WOOD & STEEL,R,1012284,104,40.746421813964844,-74.00753021240234,536,WEST 20 STREET,1,00691,00001,SAFWAY ATLANTIC  LLC,1,BIS,Construction or Maintenance
123070292,Manhattan,0,4/19/2017,8/27/2022,1955,6/28/2023,240,METAL AND WOOD,R,1007573,102,40.72425842285156,-73.99815368652344,565,BROADWAY,1,00498,00005,PHOENIX SUTTON STR INC,1,BIS,Local Law 11
123075199,Manhattan,0,4/12/2017,8/27/2022,1962,6/21/2023,44,STEEL/WOOD,R,1087980,104,40.76102828979492,-73.98753356933594,785,   8 AVENUE,1,01038,07501,SPRING SCAFFOLDING LLC,1,BIS,Construction or Maintenance
123336498,Manhattan,0,9/12/2017,8/27/2022,1809,8/3/2023,96,STEEL/WOOD,R,1084936,106,40.73400115966797,-73.98774719238281,2,IRVING PLACE,1,00870,00024,EAGLE SCAFFOLDING SVCS IN,1,BIS,Local Law 11
140113339,Manhattan,0,9/10/2013,8/27/2022,3272,4/1/2023,246,STEEL/WOOD,R,1033975,107,40.790138244628906,-73.97734069824219,571,WEST END AVENUE,1,01249,00036,EMPIRE NY INSTALLATIONS I,1,BIS,Local Law 11
140166086,Manhattan,0,2/26/2014,8/27/2022,3103,9/23/2022,38,STEEL AND WOOD,R,1074156,111,40.79161071777344,-73.95136260986328,22,EAST  103 STREET,1,01608,00058,SPRING SCAFFOLDING LLC,1,BIS,Construction or Maintenance
140166095,Manhattan,0,2/26/2014,8/27/2022,3103,9/23/2022,41,STEEL AND WOOD,R,1051495,111,40.79158020019531,-73.95127868652344,24,EAST 103 STREET,1,01608,00057,SPRING SCAFFOLDING LLC,1,BIS,Construction or Maintenance
140251340,Manhattan,0,9/11/2014,8/27/2022,2906,9/29/2022,148,WOOD/STEEL,R,1029777,107,40.777130126953125,-73.98120880126953,147,WEST   70 STREET,1,01142,00061,ARSENAL SCAFFOLD INC,1,BIS,Local Law 11
140325734,Manhattan,0,3/31/2015,8/27/2022,2705,12/15/2022,34,WOOD/STEEL,R,1001474,101,40.714778900146484,-74.00872802734375,46,WARREN STREET,1,00136,00007,INTERSYSTEM INSTALLATION,1,BIS,Construction or Maintenance
140332058,Manhattan,0,4/14/2015,8/27/2022,2691,8/10/2023,1065,STEEL/WOOD,R,1080031,112,40.861148834228516,-73.92268371582031,213,NAGLE AVENUE,1,02216,00001,ROMA SCAFFOLDING INC,1,BIS,Local Law 11
140353551,Manhattan,0,6/1/2015,8/27/2022,2643,1/11/2023,424,METAL AND WOOD,R,1087465,109,40.82992935180664,-73.94950866699219,725,RIVERSIDE DRIVE,1,02096,07501,PHOENIX SUTTON STR INC,1,BIS,Local Law 11
140359485,Manhattan,0,6/12/2015,8/27/2022,2632,5/16/2023,530,STEEL AND WOOD,R,1084572,107,40.79140853881836,-73.96903991699219,680,COLUMBUS AVENUE,1,01224,00029,SPRING SCAFFOLDING LLC,1,BIS,Local Law 11
140372763,Manhattan,0,7/10/2015,8/27/2022,2604,9/1/2022,270,STEEL/ WOOD,R,1031798,107,40.782318115234375,-73.97564697265625,101,WEST 79 STREET,1,01210,07501,COLGATE ENTERPRISE CORP,1,BIS,Local Law 11
140378614,Manhattan,0,8/10/2015,8/27/2022,2573,12/28/2022,173,WOOD / STEEL,R,1053398,110,40.805419921875,-73.94544219970703,22,MOUNT MORRIS PARK WEST,1,01721,00014,PLATINUM SERVICES NY LLC,1,BIS,Local Law 11
140380932,Manhattan,0,7/29/2015,8/27/2022,2585,4/1/2023,75,STEEL/WOOD,R,1014031,104,40.742759704589844,-73.9977798461914,217,WEST 20 STREET,1,00770,00030,TRI BOROUGH SCAFFOLDING,1,BIS,Construction or Maintenance
140384803,Manhattan,0,8/5/2015,8/27/2022,2578,11/5/2022,1025,WOOD/STEEL,R,1077607,103,40.71540069580078,-73.98808288574219,210,EAST BROADWAY,1,00311,00013,INTERSYSTEM INSTALLATION,1,BIS,Local Law 11
140393900,Manhattan,0,8/27/2015,8/27/2022,2556,5/11/2023,475,STEEL/WOOD,R,1001014,101,40.70671844482422,-74.00721740722656,96,MAIDEN LANE,1,00042,00001,METRO CONTRACTING NY  INC,1,BIS,Construction or Maintenance
140410062,Manhattan,0,10/27/2015,8/27/2022,2495,8/4/2023,1180,STEEL/WOOD,R,1000815,101,40.70711898803711,-74.01183319091797,60,BROADWAY,1,00023,07501,UNIVERSAL BUILD SUPP LLC,1,BIS,Local Law 11
140411061,Manhattan,0,11/18/2015,8/27/2022,2473,3/9/2023,550,METAL PIPE/WOOD,R,1081771,107,40.773048400878906,-73.98734283447266,40,AMSTERDAM AVENUE,1,01154,00101,PIZZAROTTI LLC,1,BIS,Local Law 11
140413390,Manhattan,0,11/18/2015,8/27/2022,2473,3/9/2023,550,METAL PIPE/WOOD,R,1082575,107,40.773048400878906,-73.98734283447266,60,AMSTERDAM AVENUE,1,01154,00101,PIZZAROTTI LLC,1,BIS,Local Law 11
140413416,Manhattan,0,10/23/2015,8/27/2022,2499,3/28/2023,550,METAL PIPE/WOOD,R,1082576,107,40.773048400878906,-73.98734283447266,80,AMSTERDAM AVENUE,1,01154,00101,PIZZAROTTI LLC,1,BIS,Local Law 11
140413434,Manhattan,0,10/16/2015,8/27/2022,2506,3/9/2023,550,METAL PIPE/WOOD,R,1082579,107,40.773048400878906,-73.98734283447266,210,WEST   64 STREET,1,01154,00101,PIZZAROTTI LLC,1,BIS,Construction or Maintenance
140419624,Manhattan,0,10/26/2015,8/27/2022,2496,6/3/2023,260,WOOD/STEEL,R,1001267,101,40.710330963134766,-74.00739288330078,129,FULTON STREET,1,00091,00013,COLGATE ENTERPRISE CORP,1,BIS,Construction or Maintenance
140428026,Manhattan,0,11/12/2015,8/27/2022,2479,11/5/2022,76,WOOD/STEEL,R,1082654,103,40.71506118774414,-73.98590087890625,264,EAST BROADWAY,1,00315,00001,INTERSYSTEM INSTALLATION,1,BIS,Local Law 11
140428035,Manhattan,0,11/23/2015,8/27/2022,2468,10/20/2022,55,STEEL & WOOD,R,1013659,104,40.75532913208008,-73.99252319335938,319,WEST 38 STREET,1,00762,00023,DHS FRACO LLC,1,BIS,Construction or Maintenance
140459304,Manhattan,0,2/17/2016,8/27/2022,2382,11/12/2022,134,WOOD/STEEL,R,1060063,110,40.818119049072266,-73.93997192382812,151,WEST 140 STREET,1,02009,00012,COLGATE ENTERPRISE CORP,1,BIS,Local Law 11
140461140,Manhattan,0,2/29/2016,8/27/2022,2370,6/6/2023,37,STEEL/WOOD,R,1056061,107,40.79465103149414,-73.9710464477539,209,WEST 96 STREET,1,01868,00024,METRO CONTRACTING NY  INC,1,BIS,Construction or Maintenance
140462416,Manhattan,0,2/25/2016,8/27/2022,2374,3/4/2023,222,STEEL/WOOD,R,1032651,107,40.78504943847656,-73.9802474975586,420,WEST END AVENUE,1,01228,00001,CORE SCAFFOLD SYSTEMS INC,1,BIS,Local Law 11
140468090,Manhattan,0,3/10/2016,8/27/2022,2360,7/20/2023,60,METAL AND WOOD,R,1082288,104,40.7665901184082,-73.99323272705078,556,WEST   52 STREET,1,01080,00103,PHOENIX SUTTON STR INC,1,BIS,Construction or Maintenance
140487738,Manhattan,0,4/27/2016,8/27/2022,2312,7/25/2023,141,METAL AND WOOD,R,1053959,111,40.801700592041016,-73.94322967529297,50,EAST 119 STREET,1,01745,00050,PHOENIX SUTTON STR INC,1,BIS,Construction or Maintenance
140492107,Manhattan,0,5/20/2016,8/27/2022,2289,8/10/2023,256,STEEL/WOOD,R,1080032,112,40.861148834228516,-73.92268371582031,3754,  10 AVENUE,1,02216,00001,ROMA SCAFFOLDING INC,1,BIS,Local Law 11
140506600,Manhattan,0,6/13/2016,8/27/2022,2265,3/4/2023,185,STEEL/WOOD,R,1085096,105,40.75733184814453,-73.9885025024414,250,WEST 43 STREET,1,01014,00055,CORE SCAFFOLD SYSTEMS INC,1,BIS,Construction or Maintenance
140508993,Manhattan,0,6/15/2016,8/27/2022,2263,11/5/2022,36,STEEL/WOOD,R,1077605,103,40.71540069580078,-73.98808288574219,385,GRAND STREET,1,00311,00013,INTERSYSTEM INSTALLATION,1,BIS,Local Law 11
140521727,Manhattan,0,7/19/2016,8/27/2022,2229,4/21/2023,140,STEEL/WOOD,R,1012851,104,40.75336837768555,-73.99755859375,409,WEST 33 STREET,1,00731,00054,PROFESSIONAL LINE CORP,1,BIS,Construction or Maintenance
140528329,Manhattan,0,8/3/2016,8/27/2022,2214,9/1/2022,256,STEEL/WOOD,R,1023388,105,40.763851165771484,-73.98076629638672,849,7 AVENUE,1,01007,00061,EMPIRE NY INSTALLATIONS I,1,BIS,Local Law 11
140535909,Manhattan,0,8/19/2016,8/27/2022,2198,11/30/2022,301,STEEL/WOOD,R,1061777,109,40.823909759521484,-73.9517822265625,561,WEST 141 STREET,1,02073,00001,INTERSYSTEM INSTALLATION,1,BIS,Local Law 11
140562807,Manhattan,0,10/14/2016,8/27/2022,2142,10/22/2022,85,STEEL/WOOD,R,1008117,102,40.727481842041016,-74.005126953125,180,VARICK STREET,1,00519,00070,INTERSYSTEM INSTALLATION,1,BIS,Local Law 11
140565403,Manhattan,0,10/25/2016,8/27/2022,2131,9/21/2022,263,METAL AND WOOD,R,1039660,106,40.754859924316406,-73.96588897705078,931,   1 AVENUE,1,01344,07502,PHOENIX SUTTON STR INC,1,BIS,Local Law 11
140566821,Manhattan,0,10/25/2016,8/27/2022,2131,1/13/2023,32,STEEL/WOOD,R,1030025,107,40.77888107299805,-73.97879791259766,120,WEST 74 STREET,1,01145,00041,CORE SCAFFOLD SYSTEMS INC,1,BIS,Construction or Maintenance
140567376,Manhattan,0,10/28/2016,8/27/2022,2128,11/1/2022,270,WOOD/STEEL,R,1041797,108,40.77437973022461,-73.9629898071289,35,EAST 76 STREET,1,01391,00021,CS BRIDGE CORP,1,BIS,Local Law 11
140570683,Manhattan,0,11/7/2016,8/27/2022,2118,9/21/2022,1442,STEEL & TIMBER,R,1040155,106,40.754638671875,-73.9631118774414,433,EAST 52 STREET,1,01364,00022,WEST NEW YORK RESTORATION,1,BIS,Local Law 11
140571021,Manhattan,0,11/15/2016,8/27/2022,2110,3/4/2023,257,STEEL/WOOD,R,1076192,105,40.759578704833984,-73.98628234863281,228,WEST   47 STREET,1,01018,00018,VEMAGROUP LLC,1,BIS,Local Law 11
140585061,Manhattan,0,12/15/2016,8/27/2022,2080,9/23/2022,76,STEEL AND WOOD,R,1019658,106,40.737918853759766,-73.9817123413086,240,EAST 23 STREET,1,00903,00039,SPRING SCAFFOLDING LLC,1,BIS,Construction or Maintenance
140591321,Manhattan,0,1/23/2017,8/27/2022,2041,3/1/2023,158,WOOD / STEEL,R,1033304,107,40.79037094116211,-73.97599792480469,264,WEST 89 STREET,1,01236,00058,PLATINUM SERVICES NY LLC,1,BIS,Local Law 11
140593702,Manhattan,0,1/18/2017,8/27/2022,2046,11/30/2022,172,STEEL/WOOD,R,1028243,107,40.773338317871094,-73.97844696044922,71,CENTRAL PARK WEST,1,01120,00029,COLGATE ENTERPRISE CORP,1,BIS,Local Law 11
140597478,Manhattan,0,1/24/2017,8/27/2022,2040,3/4/2023,110,STEEL/WOOD,R,1019481,106,40.749420166015625,-73.97657012939453,141,EAST 39 STREET,1,00895,00034,VEMAGROUP LLC,1,BIS,Local Law 11
140604335,Manhattan,0,2/13/2017,8/27/2022,2020,3/1/2023,250,WOOD / STEEL,R,1056604,107,40.80060958862305,-73.96891021728516,908,WEST END AVENUE,1,01876,00061,PLATINUM SERVICES NY LLC,1,BIS,Local Law 11
140612200,Manhattan,0,3/9/2017,8/27/2022,1996,6/28/2023,255,METAL AND WOOD,R,1019161,106,40.74943923950195,-73.97785186767578,128,EAST 39 STREET,1,00894,00071,PHOENIX SUTTON STR INC,1,BIS,Local Law 11
140612996,Manhattan,0,3/7/2017,8/27/2022,1998,1/6/2023,40,STEEL/WOOD,R,1056068,107,40.795230865478516,-73.97206115722656,275,WEST 96 STREET,1,01868,07501,CORE SCAFFOLD SYSTEMS INC,1,BIS,Local Law 11
140613986,Manhattan,0,3/9/2017,8/27/2022,1996,3/4/2023,97,WOOD & STEEL,R,1063415,112,40.84375,-73.9417495727539,251,FT WASHINGTON AVENUE,1,02139,00181,ROCKLEDGE SCAFFOLD CORP,1,BIS,Local Law 11
140614823,Manhattan,0,3/24/2017,8/27/2022,1981,7/28/2023,90,STEEL& WOOD,R,1050342,108,40.783870697021484,-73.94695281982422,1850,2 AVENUE,1,01558,00050,TRIERA CONTRACTING INC,1,BIS,Local Law 11
140619427,Manhattan,0,4/10/2017,8/27/2022,1964,11/16/2022,24,STEEL/WOOD,R,1044200,108,40.76087951660156,-73.96218872070312,330,EAST   61 STREET,1,01435,00016,TRI BOROUGH SCAFFOLDING.&,1,BIS,Construction or Maintenance
140621183,Manhattan,0,3/27/2017,8/27/2022,1978,11/16/2022,207,STEEL/WOOD,R,1028789,107,40.77967071533203,-73.97673797607422,331,COLUMBUS AVENUE,1,01128,00061,TRI BOROUGH SCAFFOLDING.&,1,BIS,Local Law 11
140623289,Manhattan,0,4/3/2017,8/27/2022,1971,9/16/2022,34,STEEL/WOOD,R,1029903,107,40.77825927734375,-73.98152160644531,174,WEST 72 STREET,1,01143,00063,ROCKLEDGE SCAFFOLD CORP,1,BIS,Construction or Maintenance
140624554,Manhattan,0,4/3/2017,8/27/2022,1971,3/22/2023,84,STEEL/WOOD,R,1006754,103,40.729251861572266,-73.98860168457031,19,ST MARKS PLACE,1,00464,00048,SKYLINE SCAFFOLDING GROUP,1,BIS,Local Law 11
140626909,Manhattan,0,4/10/2017,8/27/2022,1964,10/26/2022,330,STEEL/WOOD,R,1082653,103,40.71506118774414,-73.98590087890625,415,GRAND STREET,1,00315,00001,INTERSYSTEM INSTALLATION,1,BIS,Local Law 11
140629862,Manhattan,0,4/14/2017,8/27/2022,1960,1/14/2023,146,WOOD & STEEL,R,1001910,101,40.71712875366211,-74.00431060791016,349,BROADWAY,1,00174,00037,ROCKLEDGE SCAFFOLD CORP,1,BIS,Local Law 11
140633679,Manhattan,0,4/25/2017,8/27/2022,1949,3/24/2023,140,STEEL/WOOD,R,1087350,103,40.72200012207031,-73.97821044921875,734,EAST    5 STREET,1,00374,00025,JERRICK ASSOCIATES INC,1,BIS,Local Law 11
140638139,Manhattan,0,6/6/2017,8/27/2022,1907,7/20/2023,63,WOOD/STEEL,R,1001904,101,40.717628479003906,-74.00435638427734,71,FRANKLIN STREET,1,00174,00028,PLATINUM SERVICES NY LLC,1,BIS,Construction or Maintenance
140654520,Manhattan,0,6/13/2017,8/27/2022,1900,4/4/2023,93,WOOD/STEEL,R,1062085,109,40.828609466552734,-73.94715118408203,537,WEST 149 STREET,1,02081,00014,CS BRIDGE CORP,1,BIS,Local Law 11
140672065,Manhattan,0,7/25/2017,8/27/2022,1858,8/23/2023,252,STEEL AND WOOD,R,1031993,107,40.783748626708984,-73.97625732421875,140,WEST 81 STREET,1,01211,00050,SPRING SCAFFOLDING LLC,1,BIS,Construction or Maintenance
140673769,Manhattan,0,7/27/2017,8/27/2022,1856,6/3/2023,190,STEEL/WOOD,R,1080576,104,40.74020004272461,-73.9980697631836,113,   7 AVENUE,1,00792,00070,CORE SCAFFOLD SYSTEMS INC,1,BIS,Local Law 11
140683794,Manhattan,0,8/18/2017,8/27/2022,1834,7/13/2023,35,STEEL/WOOD,R,1059705,109,40.8143196105957,-73.95623016357422,508,WEST 126 STREET,1,01982,00033,CORE SCAFFOLD SYSTEMS INC,1,BIS,Construction or Maintenance
140691302,Manhattan,0,9/12/2017,8/27/2022,1809,7/1/2023,30,STEEL/WOOD,R,1019489,106,40.74998092651367,-73.9774398803711,344,LEXINGTON AVENUE,1,00895,00074,ARSENAL SCAFFOLD INC,1,BIS,Construction or Maintenance
140699796,Manhattan,0,9/27/2017,8/27/2022,1794,12/2/2022,30,WOOD & STEEL,R,1015000,104,40.745540618896484,-73.9941635131836,275,7 AVENUE,1,00801,00001,YORK SCAFFOLD EQUIPMENT C,1,BIS,Construction or Maintenance
140703969,Manhattan,0,10/10/2017,8/27/2022,1781,1/26/2023,1100,STEEL/WOOD,R,1004617,103,40.72222900390625,-73.98103332519531,239,EAST 3 STREET,1,00386,00033,SKYWORX CONTRACTING INC,1,BIS,Local Law 11
140706430,Manhattan,0,10/17/2017,8/27/2022,1774,6/8/2023,62,WOOD & STEEL,R,1008494,102,40.726280212402344,-73.99286651611328,42,BOND STREET,1,00530,00046,ROCKLEDGE SCAFFOLD CORP,1,BIS,Local Law 11
140707199,Manhattan,0,10/27/2017,8/27/2022,1764,11/22/2022,447,STEEL/WOOD,R,1076742,112,40.83330154418945,-73.94212341308594,501,WEST  157 STREET,1,02116,00033,ROMA SCAFFOLDING INC,1,BIS,Local Law 11
140707304,Manhattan,0,10/20/2017,8/27/2022,1771,11/22/2022,312,STEEL/WOOD,R,1058378,110,40.80411148071289,-73.9532470703125,131,ST NICHOLAS AVENUE,1,01922,00041,ROMA SCAFFOLDING INC,1,BIS,Local Law 11
201200618,Bronx,0,6/30/2017,8/27/2022,1883,10/28/2022,1079,METAL & WOOD,R,2062883,212,40.892189025878906,-73.8619384765625,4125,CARPENTER AVENUE,2,04823,00001,LO SARDO GENERAL CONTRACT,1,BIS,Construction or Maintenance
201201207,Bronx,0,9/5/2017,8/27/2022,1816,9/7/2022,1351,METAL & WOOD,R,2009463,203,40.835941314697266,-73.90498352050781,450,ST PAULS PLACE,2,02902,00001,ROMA SCAFFOLDING INC,1,BIS,Construction or Maintenance
201201500,Bronx,0,10/11/2017,8/27/2022,1780,10/19/2022,1299,METAL & WOOD,R,2004526,203,40.827571868896484,-73.90379333496094,597,EAST  166 STREET,2,02634,00001,WHITESTONE CONSTRUCTION C,1,BIS,Local Law 11
220149391,Bronx,0,11/10/2011,8/27/2022,3942,10/21/2022,250,WOOD & STEEL,R,2003987,201,40.80104064941406,-73.9110336303711,131,WALNUT AVENUE,2,02586,00026,PLATINUM SERVICES NY LLC,1,BIS,Construction or Maintenance
220161278,Bronx,0,12/23/2011,8/27/2022,3899,5/31/2023,280,STEEL/WOOD,R,2002802,204,40.827178955078125,-73.9218978881836,900,GRAND CONCOURSE,2,02460,00001,SASCO CONSTRUCTION ENT,1,BIS,Local Law 11
220240512,Bronx,0,11/22/2013,8/27/2022,3199,6/9/2023,565,WOOD & STEEL,R,2093926,204,40.8236198425293,-73.92031860351562,773,CONCOURSE VILLAGE EAST,2,02443,00170,ROCKLEDGE SCAFFOLD CORP,1,BIS,Local Law 11
220334154,Bronx,0,11/22/2013,8/27/2022,3199,6/9/2023,565,WOOD & STEEL,R,2116939,204,40.8236198425293,-73.92031860351562,779,CONCOURSE VILLAGE EAST,2,02443,00170,ROCKLEDGE SCAFFOLD CORP,1,BIS,Local Law 11
220340940,Bronx,0,11/22/2013,8/27/2022,3199,6/10/2023,578,WOOD & STEEL,R,2101571,204,40.8243408203125,-73.9226303100586,790,CONCOURSE VILLAGE WEST,2,02443,09080,ROCKLEDGE SCAFFOLD CORP,1,BIS,Local Law 11
220342350,Bronx,0,11/22/2013,8/27/2022,3199,6/10/2023,582,WOOD & STEEL,R,2002455,204,40.82392120361328,-73.92288208007812,780,CONCOURSE VILLAGE WEST,2,02443,09080,ROCKLEDGE SCAFFOLD CORP,1,BIS,Construction or Maintenance
220342369,Bronx,0,11/22/2013,8/27/2022,3199,6/10/2023,564,WOOD & STEEL,R,2101572,204,40.8243408203125,-73.9226303100586,790 AIR,CONCOURSE VILLAGE WEST,2,02443,09080,ROCKLEDGE SCAFFOLD CORP,1,BIS,Local Law 11
220604969,Bronx,0,8/14/2017,8/27/2022,1838,4/15/2023,480,STEEL/WOOD,R,2092708,209,40.82088088989258,-73.85909271240234,1850,LAFAYETTE AVENUE,2,03600,00025,PARSONS CONSTRUCTION INC,1,BIS,Local Law 11
220604978,Bronx,0,8/14/2017,8/27/2022,1838,4/15/2023,372,STEEL/WOOD,R,2092718,209,40.82088088989258,-73.85909271240234,751,WHITE PLAINS ROAD,2,03600,00025,PARSONS CONSTRUCTION INC,1,BIS,Local Law 11
220604987,Bronx,0,8/14/2017,8/27/2022,1838,4/15/2023,364,STEEL/WOOD,R,2092711,209,40.82088088989258,-73.85909271240234,1880,LAFAYETTE AVE,2,03600,00025,PARSONS CONSTRUCTION INC,1,BIS,Local Law 11
240018896,Bronx,0,2/6/2013,8/27/2022,3488,5/18/2023,275,STEEL/WOOD,R,2015580,208,40.874610900878906,-73.90181732177734,2875,SEDGWICK AVENUE,2,03253,00255,EMPIRE NY INSTALLATIONS I,1,BIS,Local Law 11
240083930,Bronx,0,12/15/2014,8/27/2022,2811,1/14/2023,1051,WOOD/STEEL,R,2015473,208,40.884368896484375,-73.89067840576172,80,VAN CORTLANDT PARK SOUTH,2,03252,00209,CEPRINE CONSTRUCTION INC,1,BIS,Local Law 11
240086438,Bronx,0,1/8/2015,8/27/2022,2787,9/21/2022,375,STEEL AND WOOD,R,2004029,201,40.80051040649414,-73.90986633300781,880,EAST 135 STREET,2,02594,00005,SPRING SCAFFOLDING LLC,1,BIS,Construction or Maintenance
240110456,Bronx,0,8/19/2015,8/27/2022,2564,12/15/2022,157,WOOD/STEEL,R,2109355,208,40.88467025756836,-73.91188049316406,3223,NETHERLAND AVENUE,2,05788,07501,INTERSYSTEM INSTALLATION,1,BIS,Local Law 11
240113505,Bronx,0,9/16/2015,8/27/2022,2536,4/11/2023,92,WOOD/STEEL,R,2109600,203,40.83293151855469,-73.89119720458984,1418,MINFORD PLACE,2,02977,00080,CS BRIDGE CORP,1,BIS,Local Law 11
240113710,Bronx,0,9/15/2015,8/27/2022,2537,9/17/2022,892,STEEL/WOOD,R,2091972,203,40.825721740722656,-73.90335845947266,750,EAST  166 STREET,2,02640,00001,ROMA SCAFFOLDING INC,1,BIS,Local Law 11
240114149,Bronx,0,9/21/2015,8/27/2022,2531,6/14/2023,1295,STEEL/WOOD,R,2083678,208,40.88447189331055,-73.90650177001953,3409,IRWIN AVENUE,2,05759,00573,METRO CONTRACTING NY  INC,1,BIS,Local Law 11
240121131,Bronx,0,10/30/2015,8/27/2022,2492,6/14/2023,122,STEEL/WOOD,R,2007859,204,40.84349060058594,-73.9110107421875,1650,GRAND CONCOURSE,2,02823,00001,TRIERA CONTRACTING INC,1,BIS,Construction or Maintenance
240127732,Bronx,0,12/29/2015,8/27/2022,2432,7/13/2023,270,STEEL/WOOD,R,2002985,204,40.82661056518555,-73.92581939697266,831,GERARD AVENUE,2,02483,00059,EMPIRE NY INSTALLATIONS I,1,BIS,Local Law 11
240128688,Bronx,0,1/8/2016,8/27/2022,2422,6/3/2023,60,STEEL/WOOD,R,2000349,201,40.81003952026367,-73.9205093383789,435,EAST  140 STREET,2,02285,00072,ARSENAL SCAFFOLD INC,1,BIS,Construction or Maintenance
240133084,Bronx,0,2/24/2016,8/27/2022,2375,9/14/2022,296,STEEL/WOOD,R,2010481,203,40.83052062988281,-73.89277648925781,1312,INTERVALE AVENUE,2,02976,00001,COLGATE ENTERPRISE CORP,1,BIS,Construction or Maintenance
240141921,Bronx,0,5/17/2016,8/27/2022,2292,6/9/2023,430,WOOD/STEEL,R,2004795,201,40.81929016113281,-73.9029769897461,801,WESTCHESTER AVENUE,2,02666,00041,COLGATE ENTERPRISE CORP,1,BIS,Construction or Maintenance
240144287,Bronx,0,6/7/2016,8/27/2022,2271,9/21/2022,30,STEEL/WOOD,R,2128906,203,40.827110290527344,-73.89154815673828,1122,SOUTHERN BOULEVARD,2,02745,00002,TRI BOROUGH SCAFFOLDING.&,1,BIS,Construction or Maintenance
240156674,Bronx,0,9/19/2016,8/27/2022,2167,2/10/2023,32,STEEL/WOOD,R,2093493,211,40.87030029296875,-73.85224914550781,1255,ADEE AVENUE,2,04581,00001,ROMA SCAFFOLDING INC,1,BIS,Local Law 11
240169848,Bronx,0,1/19/2017,8/27/2022,2045,9/30/2022,50,STEEL/WOOD,R,2002283,204,40.83015060424805,-73.91316223144531,1105,TELLER AVENUE,2,02434,00080,SKYWORX CONTRACTING INC,1,BIS,Construction or Maintenance
240169857,Bronx,0,1/19/2017,8/27/2022,2045,9/30/2022,34,STEEL/WOOD,R,2002280,204,40.83058166503906,-73.91290283203125,1129,TELLER AVENUE,2,02434,00074,SKYWORX CONTRACTING INC,1,BIS,Construction or Maintenance
240176019,Bronx,0,3/10/2017,8/27/2022,1995,7/22/2023,144,WOOD/STEEL,R,2012677,206,40.84733963012695,-73.8883285522461,2075,CLINTON AVENUE,2,03095,00045,COLGATE ENTERPRISE CORP,1,BIS,Construction or Maintenance
240177367,Bronx,0,3/29/2017,8/27/2022,1976,10/21/2022,110,WOOD / STEEL,R,2007706,205,40.84939956665039,-73.90406799316406,240,ECHO PLACE,2,02809,00022,PLATINUM SERVICES NY LLC,1,BIS,Local Law 11
240177553,Bronx,0,3/23/2017,8/27/2022,1982,5/27/2023,50,STEEL/WOOD,R,2002893,204,40.83277893066406,-73.92017364501953,1125,GRAND CONCOURSE,2,02472,00034,SASCO CONSTRUCTION ENT,1,BIS,Construction or Maintenance
240177839,Bronx,0,3/27/2017,8/27/2022,1978,6/1/2023,328,STEEL/WOOD,R,2002944,204,40.83211898803711,-73.92192077636719,1068,GERARD AVENUE,2,02478,00007,PARSONS CONSTRUCTION INC,1,BIS,Local Law 11
240178981,Bronx,0,4/7/2017,8/27/2022,1967,7/27/2023,287,STEEL/WOOD,R,2002784,204,40.82299041748047,-73.92413330078125,750,GRAND CONCOURSE,2,02458,00026,TRIERA CONTRACTING INC,1,BIS,Local Law 11
240180004,Bronx,0,4/17/2017,8/27/2022,1957,8/4/2023,222,STEEL/WOOD,R,2092431,207,40.86458969116211,-73.90776062011719,2391,WEBB AVENUE,2,03226,00053,EMPIRE NY INSTALLATIONS I,1,BIS,Local Law 11
240180095,Bronx,0,4/17/2017,8/27/2022,1957,8/4/2023,382,STEEL/WOOD,R,2092435,207,40.86458969116211,-73.90776062011719,2411,WEBB AVENUE,2,03226,00053,EMPIRE NY INSTALLATIONS I,1,BIS,Local Law 11
240193606,Bronx,0,8/11/2017,8/27/2022,1841,9/30/2022,614,STEEL/WOOD,R,2002141,204,40.83002853393555,-73.91261291503906,1100,TELLER AVENUE,2,02429,00001,SKYWORX CONTRACTING INC,1,BIS,Local Law 11
240201526,Bronx,0,10/11/2017,8/27/2022,1780,9/3/2022,325,STEEL/WOOD,R,2086320,208,40.90821075439453,-73.90548706054688,5800,ARLINGTON AVENUE,2,05953,00230,AMSTERDAM RESTORATION LLC,1,BIS,Construction or Maintenance
302573445,Brooklyn,0,2/22/2017,8/27/2022,2011,2/22/2023,1232,METAL & WOOD,R,3154775,310,40.618080139160156,-74.02850341796875,9025,5 AVENUE,3,06088,00001,WHITESTONE CONSTRUCTION C,1,BIS,Construction or Maintenance
302574765,Brooklyn,0,10/20/2017,8/27/2022,1771,10/12/2022,1402,METAL & WOOD,R,3136085,312,40.64065933227539,-73.99320983886719,4305,FT HAMILTON PKWAY,3,05603,00001,PJP INSTALLERS INC,1,BIS,Construction or Maintenance
320254826,Brooklyn,0,1/5/2011,8/27/2022,4251,6/10/2023,125,TIMBER,R,3327719,309,40.65663146972656,-73.94415283203125,444,WINTHROP STREET,3,04829,00001,PJP INSTALLERS INC,0,BIS,Construction or Maintenance
320522172,Brooklyn,0,8/22/2012,8/27/2022,3656,11/16/2022,491,WOOD / STEEL,R,3107446,309,40.65766906738281,-73.94705963134766,665,NEW YORK AVENUE,3,04820,00001,PLATINUM SERVICES NY LLC,1,BIS,Construction or Maintenance
321160747,Brooklyn,0,7/31/2014,8/27/2022,2948,6/14/2023,155,WOOD / STEEL,R,3009621,307,40.659141540527344,-73.99626159667969,749,5 AVENUE,3,00655,00031,PJP INSTALLERS INC,1,BIS,Construction or Maintenance
321237853,Brooklyn,0,9/17/2015,8/27/2022,2535,9/3/2022,85,STEEL AND WOOD,R,3001898,302,40.697181701660156,-73.99244689941406,1,MONROE PLACE,3,00237,00043,SPRING SCAFFOLDING LLC,1,BIS,Construction or Maintenance
321298387,Brooklyn,0,1/14/2016,8/27/2022,2416,12/2/2022,300,WOOD & STEEL,R,3000370,302,40.690399169921875,-73.98239135742188,9,DE KALB AVENUE,3,00149,00100,S&E BRIDGE & SCAFFOLD LLC,1,BIS,Construction or Maintenance
321537271,Brooklyn,0,3/7/2017,8/27/2022,1998,7/26/2023,188,STEEL/WOOD,R,3127911,314,40.630950927734375,-73.9722900390625,706,OCEAN PARKWAY,3,05423,00047,PARSONS CONSTRUCTION INC,1,BIS,Construction or Maintenance
340237087,Brooklyn,0,3/9/2015,8/27/2022,2727,9/22/2022,295,STEEL/WOOD,R,3070234,301,40.71574020385742,-73.93934631347656,84,MASPETH AVENUE,3,02907,07501,EMPIRE NY INSTALLATIONS I,1,BIS,Construction or Maintenance
340248191,Brooklyn,0,4/14/2015,8/27/2022,2691,5/16/2023,1080,STEEL AND WOOD,R,3338422,301,40.70458984375,-73.94529724121094,79,MANHATTAN AVENUE,3,03078,00001,SPRING SCAFFOLDING LLC,1,BIS,Local Law 11
340248235,Brooklyn,0,4/15/2015,8/27/2022,2690,5/18/2023,1262,STEEL AND WOOD,R,3338415,301,40.70606994628906,-73.94898223876953,25,BOERUM STREET,3,03058,00001,SPRING SCAFFOLDING LLC,1,BIS,Local Law 11
340250702,Brooklyn,0,4/22/2015,8/27/2022,2683,5/16/2023,1167,STEEL AND WOOD,R,3071200,301,40.70610809326172,-73.94554901123047,93,MANHATTAN AVENUE,3,03060,00075,SPRING SCAFFOLDING LLC,1,BIS,Local Law 11
340250711,Brooklyn,0,4/22/2015,8/27/2022,2683,5/18/2023,942,STEEL AND WOOD,R,3327972,301,40.70454025268555,-73.94689178466797,29,LEONARD STREET,3,03077,00001,SPRING SCAFFOLDING LLC,1,BIS,Local Law 11
340250720,Brooklyn,0,4/22/2015,8/27/2022,2683,5/18/2023,1460,STEEL AND WOOD,R,3338423,301,40.70458984375,-73.94529724121094,13,MOORE STREET,3,03078,00001,SPRING SCAFFOLDING LLC,1,BIS,Local Law 11
340279816,Brooklyn,0,7/13/2015,8/27/2022,2601,3/8/2023,359,STEEL/WOOD,R,3120574,314,40.636390686035156,-73.95889282226562,1054,OCEAN AVENUE,3,05219,00029,INTERSYSTEM INSTALLATION,1,BIS,Local Law 11
340298902,Brooklyn,0,9/8/2015,8/27/2022,2544,7/1/2023,35,METAL AND WOOD,R,3079120,304,40.69295883178711,-73.9065933227539,316,ELDERT STREET,3,03419,00017,PHOENIX SUTTON STR INC,1,BIS,Construction or Maintenance
340305039,Brooklyn,0,9/23/2015,8/27/2022,2529,12/14/2022,40,STEEL/WOOD,R,3321407,318,40.65045166015625,-73.89610290527344,10602,FARRAGUT ROAD,3,08174,00001,SKYWORX CONTRACTING INC,1,BIS,Local Law 11
340305048,Brooklyn,0,9/23/2015,8/27/2022,2529,12/14/2022,40,STEEL/WOOD,R,3321408,318,40.65045166015625,-73.89610290527344,10622,FARRAGUT ROAD,3,08174,00001,SKYWORX CONTRACTING INC,1,BIS,Local Law 11
340305066,Brooklyn,0,9/23/2015,8/27/2022,2529,12/14/2022,80,STEEL/WOOD,R,3321409,318,40.65045166015625,-73.89610290527344,620,EAST  108 STREET,3,08174,00001,SKYWORX CONTRACTING INC,1,BIS,Local Law 11
340305075,Brooklyn,0,9/23/2015,8/27/2022,2529,12/14/2022,40,STEEL/WOOD,R,3331294,318,40.65250015258789,-73.89508056640625,543,EAST  108 STREET,3,08158,00001,SKYWORX CONTRACTING INC,1,BIS,Local Law 11
340305084,Brooklyn,0,9/23/2015,8/27/2022,2529,11/23/2022,184,STEEL/WOOD,R,3321517,318,40.64781188964844,-73.8962631225586,719,EAST  103 STREET,3,08191,00001,SKYWORX CONTRACTING INC,1,BIS,Local Law 11
340305100,Brooklyn,0,9/23/2015,8/27/2022,2529,11/23/2022,426,STEEL/WOOD,R,3321516,318,40.64781188964844,-73.8962631225586,10406,GLENWOOD ROAD,3,08191,00001,SKYWORX CONTRACTING INC,1,BIS,Local Law 11
340307171,Brooklyn,0,9/30/2015,8/27/2022,2522,12/14/2022,72,STEEL/WOOD,R,3331291,318,40.65250015258789,-73.89508056640625,254,STANLEY AVENUE,3,08158,00001,SKYWORX CONTRACTING INC,1,BIS,Local Law 11
340316330,Brooklyn,0,10/21/2015,8/27/2022,2501,3/1/2023,116,STEEL/WOOD,R,3042730,316,40.67705154418945,-73.90631866455078,1424,HERKIMER STREET,3,01572,00018,POWERS BRIDGING & SCAFFOL,1,BIS,Construction or Maintenance
340318926,Brooklyn,0,10/27/2015,8/27/2022,2495,11/8/2022,250,STEEL/WOOD,R,3128143,314,40.63151168823242,-73.96964263916016,250,PARKVILLE AVENUE,3,05428,00031,POWERS BRIDGING & SCAFFOL,1,BIS,Construction or Maintenance
340321716,Brooklyn,0,11/12/2015,8/27/2022,2479,12/1/2022,495,STEEL/WOOD,R,3321866,303,40.689788818359375,-73.95865631103516,448,DEKALB AVE,3,01938,00001,SKYWORX CONTRACTING INC,1,BIS,Local Law 11
340325936,Brooklyn,0,11/20/2015,8/27/2022,2471,12/1/2022,249,STEEL/WOOD,R,3321871,303,40.689788818359375,-73.95865631103516,325,CLASSON AVE,3,01938,00001,SKYWORX CONTRACTING INC,1,BIS,Local Law 11
340325945,Brooklyn,0,11/16/2015,8/27/2022,2475,12/1/2022,223,STEEL/WOOD,R,3339158,303,40.689788818359375,-73.95865631103516,411,LAFAYETTE AVE,3,01938,00001,SKYWORX CONTRACTING INC,1,BIS,Local Law 11
340334784,Brooklyn,0,12/15/2015,8/27/2022,2446,3/1/2023,87,STEEL/WOOD,R,3334868,301,40.70798873901367,-73.96145629882812,344,ROEBLING STREET,3,02148,00027,CORE SCAFFOLD SYSTEMS INC,1,BIS,Construction or Maintenance
340354672,Brooklyn,0,2/29/2016,8/27/2022,2370,3/1/2023,912,STEEL/WOOD,R,3335257,302,40.69466018676758,-73.97469329833984,56,NORTH OXFORD WALK,3,02041,00001,SKYWORX CONTRACTING INC,1,BIS,Local Law 11
340361771,Brooklyn,0,3/29/2016,8/27/2022,2341,5/4/2023,557,STEEL/WOOD,R,3348343,316,40.671669006347656,-73.90927124023438,60,GLENMORE AVENUE,3,03489,00001,SKYWORX CONTRACTING INC,1,BIS,Local Law 11
340361780,Brooklyn,0,3/16/2016,8/27/2022,2354,4/13/2023,353,STEEL/WOOD,R,3339436,316,40.671669006347656,-73.90927124023438,61,THATFORD AVENUE,3,03489,00001,SKYWORX CONTRACTING INC,1,BIS,Local Law 11
340361799,Brooklyn,0,3/16/2016,8/27/2022,2354,4/13/2023,530,STEEL/WOOD,R,3339433,316,40.671669006347656,-73.90927124023438,1548,EAST NEW YORK AVENUE,3,03489,00001,SKYWORX CONTRACTING INC,1,BIS,Local Law 11
340375123,Brooklyn,0,4/26/2016,8/27/2022,2313,6/22/2023,30,METAL & WOOD,R,3332263,303,40.69350051879883,-73.95945739746094,906,KENT AVENUE,3,01911,00030,DFE CONTRACTOR LLC,1,BIS,Construction or Maintenance
340375132,Brooklyn,0,4/26/2016,8/27/2022,2313,7/11/2023,141,METAL & WOOD,R,3054930,303,40.69343948364258,-73.95944213867188,908,KENT AVENUE,3,01911,00031,DFE CONTRACTOR LLC,1,BIS,Construction or Maintenance
340382623,Brooklyn,0,5/18/2016,8/27/2022,2291,6/14/2023,72,WOOD/STEEL,R,3119523,314,40.64023971557617,-73.95762634277344,2101,DITMAS AVENUE,3,05185,00042,SILVERCUP SCFFLDNG I LLC,1,BIS,Construction or Maintenance
340408981,Brooklyn,0,8/5/2016,8/27/2022,2212,6/15/2023,365,STEEL& WOOD,R,3331321,301,40.70317077636719,-73.96222686767578,90,ROSS STREET,3,02186,00001,MNK ENTERPRISES LLC,1,BIS,Local Law 11
340418195,Brooklyn,0,9/6/2016,8/27/2022,2180,10/4/2022,100,WOOD/STEEL,R,3085916,305,40.6578483581543,-73.898193359375,1743,LINDEN BOULEVARD,3,03865,00053,COLGATE ENTERPRISE CORP,1,BIS,Construction or Maintenance
340431107,Brooklyn,0,10/12/2016,8/27/2022,2144,2/10/2023,589,STEEL/WOOD,R,3324696,316,40.68109130859375,-73.90807342529297,31,MOTHER GASTON BOULEVARD,3,01529,00001,ROMA SCAFFOLDING INC,1,BIS,Local Law 11
340458310,Brooklyn,0,12/28/2016,8/27/2022,2067,11/23/2022,126,STEEL/WOOD,R,3036568,308,40.67156982421875,-73.92838287353516,1521,STERLING PLACE,3,01373,00049,SKYWORX CONTRACTING INC,1,BIS,Construction or Maintenance
340466463,Brooklyn,0,2/14/2017,8/27/2022,2019,2/10/2023,190,STEEL/WOOD,R,3346319,303,40.689788818359375,-73.95865631103516,470,DEKALB AVENUE,3,01938,00001,ROMA SCAFFOLDING INC,1,BIS,Local Law 11
340470092,Brooklyn,0,2/17/2017,8/27/2022,2016,3/30/2023,70,METAL AND WOOD,R,3174209,311,40.609928131103516,-73.98230743408203,1514,WEST 8 STREET,3,06598,00012,RENNON CONSTRUCTION CORP,1,BIS,Construction or Maintenance
340476354,Brooklyn,0,3/7/2017,8/27/2022,1998,5/3/2023,276,STEEL/WOOD,R,3328463,305,40.67298889160156,-73.89086151123047,2211,PITKIN AVENUE,3,03993,00001,SKYWORX CONTRACTING INC,1,BIS,Construction or Maintenance
340476372,Brooklyn,0,3/7/2017,8/27/2022,1998,5/3/2023,250,STEEL/WOOD,R,3328464,305,40.67298889160156,-73.89086151123047,2215,PITKIN AVENUE,3,03993,00001,SKYWORX CONTRACTING INC,1,BIS,Construction or Maintenance
340476416,Brooklyn,0,3/7/2017,8/27/2022,1998,5/3/2023,406,STEEL/WOOD,R,3328465,305,40.67298889160156,-73.89086151123047,294,VAN SICLEN AVENUE,3,03993,00001,SKYWORX CONTRACTING INC,1,BIS,Construction or Maintenance
340479075,Brooklyn,0,3/7/2017,8/27/2022,1998,5/3/2023,278,STEEL/WOOD,R,3336980,305,40.6726188659668,-73.89264678955078,261,WYONA STREET,3,03724,00029,SKYWORX CONTRACTING INC,1,BIS,Construction or Maintenance
340479084,Brooklyn,0,3/7/2017,8/27/2022,1998,5/3/2023,406,STEEL/WOOD,R,3336981,305,40.6726188659668,-73.89264678955078,2173,PITKIN AVENUE,3,03724,00029,SKYWORX CONTRACTING INC,1,BIS,Construction or Maintenance
340480474,Brooklyn,0,3/9/2017,8/27/2022,1996,5/3/2023,432,STEEL/WOOD,R,3327011,305,40.67287063598633,-73.8917465209961,330,MILLER AVENUE,3,03725,00001,SKYWORX CONTRACTING INC,1,BIS,Construction or Maintenance
340480508,Brooklyn,0,3/9/2017,8/27/2022,1996,5/3/2023,251,STEEL/WOOD,R,3327009,305,40.67287063598633,-73.8917465209961,320,MILLER AVENUE,3,03725,00001,SKYWORX CONTRACTING INC,1,BIS,Construction or Maintenance
340484577,Brooklyn,0,4/5/2017,8/27/2022,1969,10/8/2022,120,STEEL/WOOD,R,3426030,301,40.71406936645508,-73.95736694335938,13,HOPE STREET,3,02368,00001,ARSENAL SCAFFOLD INC,1,BIS,Construction or Maintenance
340492997,Brooklyn,0,4/13/2017,8/27/2022,1961,3/28/2023,120,STEEL/WOOD,R,3411833,305,40.682411193847656,-73.87854766845703,186,FORCE TUBE AVENUE,3,04124,00031,TRIERA CONTRACTING INC,1,BIS,Construction or Maintenance
340498429,Brooklyn,0,5/1/2017,8/27/2022,1943,5/18/2023,70,STEEL& WOOD,R,3388501,301,40.70317077636719,-73.96222686767578,669,WYTHE AVENUE,3,02186,00001,MNK ENTERPRISES LLC,1,BIS,Local Law 11
340514438,Brooklyn,0,6/26/2017,8/27/2022,1887,6/10/2023,30,WOOD/STEEL,R,3015229,307,40.644229888916016,-74.01876068115234,5614,   3 AVENUE,3,00837,00042,PLATINUM SERVICES NY LLC,1,BIS,Construction or Maintenance
340529967,Brooklyn,0,8/4/2017,8/27/2022,1848,1/5/2023,60,STEEL & WOOD,R,3063017,301,40.71186065673828,-73.95671844482422,260,SOUTH    1 STREET,3,02409,00008,TOPLINE NYC CONTRACTING,1,BIS,Local Law 11
340540490,Brooklyn,0,9/6/2017,8/27/2022,1815,2/3/2023,55,STEEL/WOOD,R,3426053,301,40.72993087768555,-73.94371795654297,277,MONITOR STREET,3,02607,00006,PHOENIX SUTTON STR INC,1,BIS,Construction or Maintenance
340545921,Brooklyn,0,9/20/2017,8/27/2022,1801,11/3/2022,1949,STEEL/WOOD,R,3337265,313,40.58679962158203,-73.9843978881836,2475,WEST   16 STREET,3,06919,00001,PRATT CONSTRUCTION & RES*,1,BIS,Local Law 11
340551600,Brooklyn,0,10/6/2017,8/27/2022,1785,12/29/2022,1580,STEEL/WOOD,R,3337264,313,40.58679962158203,-73.9843978881836,2483,WEST 16 STREET,3,06919,00001,PRATT CONSTRUCTION & RES*,1,BIS,Local Law 11
340552912,Brooklyn,0,10/23/2017,8/27/2022,1768,10/7/2022,90,STEEL/WOOD,R,3324973,303,40.69355010986328,-73.93569946289062,109,LEWIS AVENUE,3,01598,00001,ROMA SCAFFOLDING INC,1,BIS,Local Law 11
340554402,Brooklyn,0,10/28/2017,8/27/2022,1763,11/1/2022,122,STEEL/WOOD,R,3099358,317,40.661869049072266,-73.92816925048828,955,RUTLAND ROAD,3,04594,00064,ROMA SCAFFOLDING INC,1,BIS,Local Law 11
420516873,Queens,0,12/20/2011,8/27/2022,3902,3/14/2023,400,STEEL BEAM/PIPE,R,4005022,401,40.75028991699219,-73.93797302246094,41-43,  28 STREET,4,00417,00002,TRIANGLE ENTERPRISE NYC I,1,BIS,Local Law 11
420861767,Queens,0,6/24/2013,8/27/2022,3350,6/14/2023,35,STEEL/WOOD,R,4115096,407,40.753868103027344,-73.83087158203125,132-53,POPLE AVENUE,4,05102,00039,COLGATE ENTERPRISE CORP,1,BIS,Construction or Maintenance
420905159,Queens,0,10/23/2013,8/27/2022,3229,12/17/2022,500,WOOD & STEEL,R,4005066,402,40.75083923339844,-73.94206237792969,42-01,  23 STREET,4,00425,00005,DYNAMIC INSTALLATION CORP,1,BIS,Construction or Maintenance
421047147,Queens,0,3/7/2017,8/27/2022,1998,7/15/2023,425,WOOD AND STEEL,R,4029982,403,40.747920989990234,-73.88654327392578,37-51,79 STREET,4,01290,00049,RENNON CONSTRUCTION CORP,1,BIS,Construction or Maintenance
421049038,Queens,0,3/7/2017,8/27/2022,1998,7/15/2023,404,WOOD AND STEEL,R,4029970,403,40.74795913696289,-73.88616943359375,37-52,80 STREET,4,01290,00029,RENNON CONSTRUCTION CORP,1,BIS,Construction or Maintenance
421103415,Queens,0,12/1/2016,8/27/2022,2094,12/28/2022,16,METAL & WOOD,R,4188214,409,40.68191146850586,-73.8569564819336,82-01,101 AVENUE,4,09053,00014,CENTRAL MECHANICAL SYSTEM,1,BIS,Construction or Maintenance
421105976,Queens,0,1/11/2018,8/27/2022,1688,3/2/2023,600,METAL PIPE\WOOD,R,4298234,414,40.603939056396484,-73.74984741210938,10-45,NAMEOKE AVENUE,4,15557,00025,UNIVERSAL CONSTRUCTION RE,1,BIS,Construction or Maintenance
421106608,Queens,0,8/29/2017,8/27/2022,1823,4/22/2023,850,WOOD & STEEL,R,4156949,411,40.7576904296875,-73.76901245117188,46-02,BELL BOULEVARD,4,07316,00018,BG NATIONAL PLUMBING & H,1,BIS,Construction or Maintenance
421106902,Queens,0,9/21/2017,8/27/2022,1800,9/30/2022,1416,METAL & WOOD,R,4164007,411,40.73802185058594,-73.75639343261719,75-25,BELL BOULEVARD,4,07753,00001,LO SARDO GENERAL CONTRACT,1,BIS,Construction or Maintenance
421190936,Queens,0,7/28/2015,8/27/2022,2586,3/28/2023,60,STEEL,R,4113208,407,40.7659912109375,-73.82048797607422,146-10,35 AVENUE,4,05004,00012,CONSOLIDATED SCAFFOLDING,1,BIS,Construction or Maintenance
421411644,Queens,0,12/15/2016,8/27/2022,2080,11/23/2022,105,STEEL AND WOOD,R,4537837,406,40.728851318359375,-73.85384368896484,99-31,  66 AVENUE,4,02116,07501,SOHO CONTRACTING CORP,1,BIS,Local Law 11
421463071,Queens,0,9/15/2020,8/27/2022,710,9/20/2022,75,WOOD & METAL,R,4020682,401,40.7761116027832,-73.93451690673828,26-19,   2 STREET,4,00914,00008,FAZIO CONSTRUCTION GROUP,0,BIS,Construction or Maintenance
440247243,Queens,0,9/2/2015,8/27/2022,2550,6/17/2023,137,STEEL/WOOD,R,4141870,408,40.73630905151367,-73.81773376464844,65-30,KISSENA BOULEVARD,4,06517,00001,TRIERA CONTRACTING INC,1,BIS,Local Law 11
440252272,Queens,0,9/22/2015,8/27/2022,2530,11/19/2022,762,STEEL/WOOD,R,4439180,401,40.758148193359375,-73.94474029541016,38-28,   9 STREET,4,00476,00001,CORE SCAFFOLD SYSTEMS INC,1,BIS,Local Law 11
440279725,Queens,0,1/7/2016,8/27/2022,2423,2/28/2023,895,STEEL/WOOD,R,4440319,412,40.705448150634766,-73.80476379394531,150-01,  89 AVENUE,4,09695,00014,CORE SCAFFOLD SYSTEMS INC,1,BIS,Construction or Maintenance
440293889,Queens,0,3/17/2016,8/27/2022,2353,10/29/2022,256,STEEL/WOOD,R,4430989,401,40.75613021850586,-73.90973663330078,31-58,  51 STREET,4,00738,00050,ROMA SCAFFOLDING INC,1,BIS,Construction or Maintenance
440304804,Queens,0,4/20/2016,8/27/2022,2319,9/8/2022,767,STEEL/WOOD,R,4535114,407,40.75482940673828,-73.82337188720703,43-43,KISSENA BOULEVARD,4,05185,07501,METRO CONTRACTING NY  INC,1,BIS,Construction or Maintenance
440306802,Queens,0,4/26/2016,8/27/2022,2313,3/24/2023,35,STEEL& WOOD,R,4617767,412,40.70772933959961,-73.79842376708984,88-35, 163 STREET,4,09813,00011,THIND BUILDERS NY INC,1,BIS,Construction or Maintenance
440352413,Queens,0,10/14/2016,8/27/2022,2142,9/13/2022,254,WOOD/STEEL,R,4213968,412,40.7011604309082,-73.8072509765625,90-75,SUTPHIN BOULEVARD,4,09994,00031,COLGATE ENTERPRISE CORP,1,BIS,Construction or Maintenance
440411476,Queens,0,6/13/2017,8/27/2022,1900,1/21/2023,170,STEEL/WOOD,R,4112123,407,40.76361083984375,-73.83209991455078,135-29,NORTHERN BOULEVARD,4,04958,00038,TRI BOROUGH SCAFFOLDING.&,1,BIS,Construction or Maintenance
440413170,Queens,0,6/27/2017,8/27/2022,1886,6/10/2023,77,WOOD/STEEL,R,4539484,402,40.74604034423828,-73.9548568725586,5-17,  47 AVENUE,4,00028,00121,CS BRIDGE CORP,1,BIS,Construction or Maintenance
440413189,Queens,0,6/21/2017,8/27/2022,1892,6/22/2023,268,WOOD/STEEL,R,4622994,407,40.7529296875,-73.82752990722656,134-50,BLOSSOM AVENUE,4,05124,00030,COLGATE ENTERPRISE CORP,1,BIS,Construction or Maintenance
500870140,Staten Island,0,9/9/2016,8/27/2022,2177,10/1/2022,40,WOOD + STEEL,R,5013955,501,40.620880126953125,-74.0770263671875,151,TOMPKINS AVENUE,5,00534,00075,MARIC PLUMBING & HEATING,1,BIS,Construction or Maintenance
520259087,Staten Island,0,1/28/2016,8/27/2022,2402,1/25/2023,80,WOOD & STEEL,R,5106863,501,40.6225700378418,-74.07560729980469,75,VANDERBILT AVENUE,5,00534,00001,SKYLINE SCAFFOLDING GROUP,1,BIS,Local Law 11
540090863,Staten Island,0,11/17/2015,8/27/2022,2474,9/7/2022,1056,METAL WOOD,R,5109580,502,40.57910919189453,-74.10743713378906,145,LINCOLN AVENUE,5,03585,07502,PHOENIX SUTTON STR INC,1,BIS,Local Law 11
540129859,Staten Island,0,6/20/2017,8/27/2022,1893,5/19/2023,411,STEEL/WOOD,R,5166155,501,40.641658782958984,-74.0750503540039,35 A,BAY STREET,5,00001,07504,DHS FRACO LLC,1,BIS,Construction or Maintenance
B00446784-I1,BROOKLYN,,3/24/2022,8/27/2022,155,10/14/2022,25,,Permit Entire,3039569,316,40.66859,-73.92061,1443,PITKIN AVENUE,3,1475,68,SYED ENGINEERING  P.C.,1,DOB NOW,Construction or Maintenance
B00447880-I1,BROOKLYN,,5/19/2022,8/27/2022,99,3/31/2023,30,,Permit Entire,3055397,303,40.69038,-73.95655,256,SKILLMAN STREET,3,1941,29,FL&M ENGINEERING DESIGN &INSPECTION,1,DOB NOW,Construction or Maintenance
B00450427-I1,BROOKLYN,,5/20/2022,8/27/2022,98,11/20/2022,169,,Permit Entire,3062966,301,40.71297,-73.96062,728,DRIGGS AVENUE,3,2406,26,ENTHINK ENGINEERING LLC,1,DOB NOW,Construction or Maintenance
B00451783-I1,BROOKLYN,,1/26/2022,8/27/2022,212,9/30/2022,30,,Permit Entire,3004934,306,40.68149,-73.99995,17,1 PLACE,3,355,43,NCE CONSULTING ENGINEERS,1,DOB NOW,Construction or Maintenance
B00453776-I1,BROOKLYN,,1/12/2022,8/27/2022,226,1/12/2023,425,,Permit Entire,3426626,301,40.71798,-73.95583,185,NORTH    8 STREET,3,2312,23,TOHFAZ UDDIN PE PC,1,DOB NOW,Construction or Maintenance
B00459074-I1,BROOKLYN,,1/25/2022,8/27/2022,213,11/17/2022,262,,Permit Entire,3324219,303,40.69473,-73.94943,586,MARCY AVENUE,3,1754,52,PAUL PERDEK  PROF. ENG. PLLC,1,DOB NOW,Construction or Maintenance
B00459237-I1,BROOKLYN,,2/11/2022,8/27/2022,196,1/13/2023,168,,Permit Entire,3038367,309,40.66412,-73.93869,709,EMPIRE BOULEVARD,3,1422,61,PAUL PERDEK  PROF. ENG. PLLC,1,DOB NOW,Construction or Maintenance
B00462280-I1,BROOKLYN,,2/15/2022,8/27/2022,192,1/6/2023,38,,Permit Entire,3051545,303,40.68406,-73.95373,1153,BEDFORD AVENUE,3,1822,7,FL&M ENGINEERING DESIGN &INSPECTION,1,DOB NOW,Construction or Maintenance
B00469574-I1,BROOKLYN,,2/10/2022,8/27/2022,197,2/10/2023,224,,Permit Entire,3000412,302,40.69195,-73.98551,80,WILLOUGHBY STREET,3,152,33,PAUL PERDEK  PROF. ENG. PLLC,1,DOB NOW,Local Law 11
B00469636-I1,BROOKLYN,,9/28/2021,8/27/2022,332,9/30/2022,557,,Permit Entire,3346104,302,40.70354,-73.99024,1,MAIN STREET,3,27,7501,ASHRAF CORP,1,DOB NOW,Local Law 11
B00473267-I1,BROOKLYN,,8/19/2022,8/27/2022,7,10/6/2022,445,,Permit Entire,3146466,310,40.63507,-74.03175,7101,COLONIAL ROAD,3,5889,3,ASHRAF CORP,1,DOB NOW,Local Law 11
B00476704-I1,BROOKLYN,,4/15/2022,8/27/2022,133,1/1/2023,180,,Permit Entire,3056973,303,40.68528,-73.95671,260,GATES AVENUE,3,1985,38,ENTHINK ENGINEERING LLC,1,DOB NOW,Construction or Maintenance
B00478492-I1,BROOKLYN,,4/7/2022,8/27/2022,141,4/1/2023,43,,Permit Entire,3052697,303,40.68232,-73.94743,157,HALSEY STREET,3,1838,55,JOEL PHAGOO P.E. PLLC,1,DOB NOW,Construction or Maintenance
B00482181-I1,BROOKLYN,,3/4/2022,8/27/2022,175,11/5/2022,179,,Permit Entire,3002107,302,40.69372,-73.99125,200,MONTAGUE STREET,3,250,39,PAUL PERDEK  PROF. ENG. PLLC,1,DOB NOW,Construction or Maintenance
B00482540-I1,BROOKLYN,,3/18/2022,8/27/2022,161,11/5/2022,362,,Permit Entire,3428548,312,40.63283,-73.99123,1379,51 STREET,3,5649,46,PAUL PERDEK  PROF. ENG. PLLC,1,DOB NOW,Construction or Maintenance
B00485179-I1,BROOKLYN,,3/10/2022,8/27/2022,169,2/6/2023,29,,Permit Entire,3038765,316,40.67512,-73.90789,2340,PACIFIC STREET,3,1443,11,BRIAN T. O'CONNOR,1,DOB NOW,Construction or Maintenance
B00488669-I1,BROOKLYN,,3/25/2022,8/27/2022,154,10/14/2022,380,,Permit Entire,3025139,306,40.66978,-73.97303,44,PROSPECT PARK WEST,3,1075,39,SYED ENGINEERING  P.C.,1,DOB NOW,Construction or Maintenance
B00489084-I1,BROOKLYN,,3/12/2022,8/27/2022,167,3/4/2023,70,,Permit Entire,3113966,317,40.63554,-73.94724,630,EAST   31 STREET,3,5005,54,ASHRAF CORP,1,DOB NOW,Construction or Maintenance
B00489715-I1,BROOKLYN,,5/2/2022,8/27/2022,116,12/27/2022,200,,Permit Entire,3211030,314,40.61494,-73.94706,2705,KINGS HIGHWAY,3,7681,10,SYED ENGINEERING  P.C.,1,DOB NOW,Local Law 11
B00489724-I1,BROOKLYN,,3/29/2022,8/27/2022,150,12/27/2022,200,,Permit Entire,3211074,314,40.61546,-73.94625,2807,KINGS HIGHWAY,3,7682,16,SYED ENGINEERING  P.C.,1,DOB NOW,Local Law 11
B00497658-I1,BROOKLYN,,3/23/2022,8/27/2022,156,1/24/2023,100,,Permit Entire,3428631,306,40.6828,-74.00464,55,SUMMIT STREET,3,352,150,SYED ENGINEERING  P.C.,1,DOB NOW,Construction or Maintenance
B00498736-I1,BROOKLYN,,5/19/2022,8/27/2022,99,2/1/2023,49,,Permit Entire,3229155,318,40.65419,-73.89437,859,WILLIAMS AVENUE,3,8158,35,DSENY ENGINEERING SERVICES  PC,0,DOB NOW,Construction or Maintenance
B00506673-I1,BROOKLYN,,5/2/2022,8/27/2022,116,1/6/2023,44,,Permit Entire,3097398,305,40.66023,-73.88831,759,WYONA STREET,3,4326,35,FL&M ENGINEERING DESIGN &INSPECTION,1,DOB NOW,Construction or Maintenance
B00507624-I1,BROOKLYN,,3/24/2022,8/27/2022,155,2/28/2023,412,,Permit Entire,3054909,302,40.69277,-73.96111,230,CLASSON AVENUE,3,1909,47,TOHFAZ UDDIN PE PC,1,DOB NOW,Construction or Maintenance
B00512760-I1,BROOKLYN,,7/2/2022,8/27/2022,55,10/14/2022,140,,Permit Entire,3335083,303,40.68341,-73.95643,139,PUTNAM AVENUE,3,1989,46,SYED ENGINEERING  P.C.,1,DOB NOW,Construction or Maintenance
B00518768-I1,BROOKLYN,,7/15/2022,8/27/2022,42,6/9/2023,147,,Permit Entire,3337687,312,40.63898,-73.9979,4801,10 AVENUE,3,5632,1,ASHRAF CORP,1,DOB NOW,Local Law 11
B00518769-I1,BROOKLYN,,7/15/2022,8/27/2022,42,6/9/2023,978,,Permit Entire,3336293,312,40.63972,-73.99908,4802,10 AVENUE,3,5631,38,ASHRAF CORP,1,DOB NOW,Construction or Maintenance
B00518923-I1,BROOKLYN,,6/13/2022,8/27/2022,74,11/20/2022,203,,Permit Entire,3025487,306,40.66793,-73.97446,78,PROSPECT PARK WEST,3,1081,43,ENTHINK ENGINEERING LLC,1,DOB NOW,Construction or Maintenance
B00522270-I1,BROOKLYN,,5/4/2022,8/27/2022,114,5/2/2023,108,,Permit Entire,3396802,306,40.67553,-73.98311,580,CARROLL STREET,3,961,7501,AMM ENGINEERING PC,1,DOB NOW,Construction or Maintenance
M00445694-I1,MANHATTAN,,1/28/2022,8/27/2022,210,11/10/2022,300,,Permit Entire,1055748,107,40.80098,-73.96033,352,WEST  110 STREET,1,1845,7502,NCE CONSULTING ENGINEERS,1,DOB NOW,Local Law 11
M00446867-I1,MANHATTAN,,2/25/2022,8/27/2022,182,2/25/2023,353,,Permit Entire,1030159,107,40.7809,-73.97964,180,WEST   76 STREET,1,1147,64,TOHFAZ UDDIN PE PC,1,DOB NOW,Construction or Maintenance
M00447346-I1,MANHATTAN,,10/18/2021,8/27/2022,312,10/16/2022,47,,Permit Entire,1055649,107,40.79904,-73.96166,53,WEST  106 STREET,1,1842,12,ENTHINK ENGINEERING LLC,1,DOB NOW,Construction or Maintenance
M00447633-I1,MANHATTAN,,1/7/2022,8/27/2022,231,1/7/2023,205,,Permit Entire,1085119,106,40.75495,-73.9681,301,EAST   50 STREET,1,1343,7503,PAUL PERDEK  PROF. ENG. PLLC,1,DOB NOW,Construction or Maintenance
M00449151-I1,MANHATTAN,,4/27/2022,8/27/2022,121,3/31/2023,85,,Permit Entire,1024727,105,40.75863,-73.9862,1535,BROADWAY,1,1017,7501,TOHFAZ UDDIN PE PC,1,DOB NOW,Local Law 11
M00452541-I1,MANHATTAN,,4/11/2022,8/27/2022,137,12/31/2022,630,,Permit Entire,1003142,103,40.71088,-73.98621,286,SOUTH STREET,1,245,1,BITOPI CONSULTANTS LLC,1,DOB NOW,Local Law 11
M00454085-I1,MANHATTAN,,1/21/2022,8/27/2022,217,11/5/2022,176,,Permit Entire,1026849,104,40.76724,-73.98662,859,9 AVENUE,1,1065,36,PAUL PERDEK  PROF. ENG. PLLC,1,DOB NOW,Construction or Maintenance
M00455457-I1,MANHATTAN,,9/20/2021,8/27/2022,340,4/1/2023,855,,Permit Entire,1018472,105,40.74587,-73.98149,1,PARK AVENUE,1,888,7503,ENTHINK ENGINEERING LLC,1,DOB NOW,Local Law 11
M00456131-I1,MANHATTAN,,3/23/2022,8/27/2022,156,3/24/2023,450,,Permit Entire,1040155,106,40.75464,-73.96311,435,EAST   52 STREET,1,1364,22,AMM ENGINEERING PC,1,DOB NOW,Local Law 11
M00456154-I1,MANHATTAN,,2/3/2022,8/27/2022,204,2/1/2023,500,,Permit Entire,1081418,108,40.7685,-73.96461,930,LEXINGTON AVENUE,1,1403,1,SYED ENGINEERING  P.C.,1,DOB NOW,Local Law 11
M00456326-I1,MANHATTAN,,9/17/2021,8/27/2022,343,9/17/2022,109,,Permit Entire,1015992,105,40.7521,-73.98488,49,WEST   38 STREET,1,840,13,BRIAN T. O'CONNOR,1,DOB NOW,Local Law 11
M00456377-I1,MANHATTAN,,5/4/2022,8/27/2022,114,5/4/2023,672,,Permit Entire,1085255,111,40.79681,-73.94814,1295,5 AVENUE,1,1616,1,PAUL PERDEK  PROF. ENG. PLLC,1,DOB NOW,Construction or Maintenance
M00458222-I1,MANHATTAN,,1/24/2022,8/27/2022,214,1/6/2023,27,,Permit Entire,1046687,108,40.7782,-73.96193,7,EAST   81 STREET,1,1493,107,PATUXENT ENGINEERING  LLC,1,DOB NOW,Construction or Maintenance
M00461743-I1,MANHATTAN,,1/12/2022,8/27/2022,226,9/30/2022,119,,Permit Entire,1076843,105,40.76562,-73.97748,116,CENTRAL PARK SOUTH,1,1011,7503,G. BLINN CONSULTING  LLC,1,DOB NOW,Local Law 11
M00461752-I1,MANHATTAN,,1/13/2022,8/27/2022,225,9/30/2022,125,,Permit Entire,1069595,105,40.76543,-73.9769,106,CENTRAL PARK SOUTH,1,1011,7502,G. BLINN CONSULTING  LLC,1,DOB NOW,Construction or Maintenance
M00461794-I1,MANHATTAN,,1/12/2022,8/27/2022,226,9/30/2022,50,,Permit Entire,1084293,105,40.76516,-73.97773,120,WEST   58 STREET,1,1010,7502,G. BLINN CONSULTING  LLC,1,DOB NOW,Construction or Maintenance
M00461839-I1,MANHATTAN,,1/12/2022,8/27/2022,226,9/30/2022,54,,Permit Entire,1023752,105,40.76571,-73.9778,135,WEST   58 STREET,1,1011,7504,G. BLINN CONSULTING  LLC,1,DOB NOW,Construction or Maintenance
M00469373-I1,MANHATTAN,,2/10/2022,8/27/2022,197,11/5/2022,127,,Permit Entire,1061806,109,40.82356,-73.95008,100,HAMILTON PLACE,1,2073,42,PAUL PERDEK  PROF. ENG. PLLC,1,DOB NOW,Local Law 11
M00469891-I1,MANHATTAN,,7/6/2022,8/27/2022,51,3/7/2023,190,,Permit Entire,1031139,107,40.78287,-73.97258,18,WEST   82 STREET,1,1195,18,NY RESTORATION TECHNOLOGY CORP,1,DOB NOW,Local Law 11
M00470192-I1,MANHATTAN,,5/26/2022,8/27/2022,92,3/1/2023,140,,Permit Entire,1015634,105,40.74462,-73.99042,37,WEST   26 STREET,1,828,9,ASIF JAMIL  RA,1,DOB NOW,Local Law 11
M00471172-I1,MANHATTAN,,2/14/2022,8/27/2022,193,2/14/2023,90,,Permit Entire,1016208,105,40.73896,-73.9887,35,EAST   20 STREET,1,849,26,URBAN INTEGRATIONS,1,DOB NOW,Local Law 11
M00471570-I1,MANHATTAN,,3/4/2022,8/27/2022,175,11/3/2022,662,,Permit Entire,1028618,107,40.77606,-73.97669,115,CENTRAL PARK WEST,1,1124,27,NICHOLAS J. DEFELICE  P.E.,1,DOB NOW,Local Law 11
M00474288-I1,MANHATTAN,,2/8/2022,8/27/2022,199,9/21/2022,35,,Permit Entire,1001554,101,40.71782,-74.00981,14,JAY STREET,1,143,25,KZ ENGINEERING  PC,1,DOB NOW,Local Law 11
M00476394-I1,MANHATTAN,,2/23/2022,8/27/2022,184,2/23/2023,75,,Permit Entire,1064289,112,40.84831,-73.94063,2,PINEHURST AVENUE,1,2177,8,BRIAN T. O'CONNOR,1,DOB NOW,Construction or Maintenance
M00477289-I1,MANHATTAN,,3/18/2022,8/27/2022,161,10/14/2022,345,,Permit Entire,1051489,111,40.79123,-73.95237,1214,5 AVENUE,1,1607,7503,SYED ENGINEERING  P.C.,1,DOB NOW,Construction or Maintenance
M00478924-I1,MANHATTAN,,9/17/2021,8/27/2022,343,4/1/2023,438,,Permit Entire,1048876,108,40.78099,-73.95198,200,EAST   90 STREET,1,1535,3,BRIAN T. O'CONNOR,1,DOB NOW,Local Law 11
M00480303-I1,MANHATTAN,,6/21/2022,8/27/2022,66,3/1/2023,60,,Permit Entire,1090607,111,40.79359,-73.93821,336,EAST  112 STREET,1,1683,34,FL&M ENGINEERING DESIGN &INSPECTION,1,DOB NOW,Construction or Maintenance
M00480420-I1,MANHATTAN,,1/14/2022,8/27/2022,224,11/2/2022,720,,Permit Entire,1040855,108,40.76461,-73.96936,540,PARK AVENUE,1,1376,36,360 ENGINEERING P.C.,1,DOB NOW,Local Law 11
M00480888-I1,MANHATTAN,,3/4/2022,8/27/2022,175,11/5/2022,335,,Permit Entire,1091637,103,40.71707,-73.98781,60,NORFOLK STREET,1,346,37,PAUL PERDEK  PROF. ENG. PLLC,1,DOB NOW,Construction or Maintenance
M00481685-I1,MANHATTAN,,3/25/2022,8/27/2022,154,2/28/2023,329,,Permit Entire,1032674,107,40.78527,-73.97998,424,WEST END AVENUE,1,1228,61,TOHFAZ UDDIN PE PC,1,DOB NOW,Construction or Maintenance
M00482239-I1,MANHATTAN,,3/4/2022,8/27/2022,175,11/5/2022,331,,Permit Entire,1091647,110,40.80866,-73.95028,224,WEST  124 STREET,1,1929,57,PAUL PERDEK  PROF. ENG. PLLC,1,DOB NOW,Construction or Maintenance
M00482713-I1,MANHATTAN,,9/17/2021,8/27/2022,343,4/1/2023,169,,Permit Entire,1001192,101,40.70947,-74.00671,135,WILLIAM STREET,1,78,1,URBAN INTEGRATIONS,1,DOB NOW,Local Law 11
M00484297-I1,MANHATTAN,,3/2/2022,8/27/2022,177,9/21/2022,27,,Permit Entire,1009413,102,40.73374,-73.9986,58,WEST    9 STREET,1,572,13,KZ ENGINEERING  PC,1,DOB NOW,Construction or Maintenance
M00486196-I1,MANHATTAN,,3/4/2022,8/27/2022,175,11/20/2022,35,,Permit Entire,1045979,108,40.77106,-73.95323,1482,1 AVENUE,1,1472,2,ENTHINK ENGINEERING LLC,1,DOB NOW,Construction or Maintenance
M00486278-I1,MANHATTAN,,9/17/2021,8/27/2022,343,9/17/2022,20,,Permit Entire,1041331,108,40.7703,-73.96541,45,EAST   70 STREET,1,1385,29,ASHRAF CORP,1,DOB NOW,Construction or Maintenance
M00486405-I1,MANHATTAN,,6/16/2022,8/27/2022,71,11/2/2022,28,,Permit Entire,1053629,110,40.80827,-73.94205,17,WEST  127 STREET,1,1725,28,SYED ENGINEERING  P.C.,1,DOB NOW,Construction or Maintenance
M00489093-I1,MANHATTAN,,4/26/2022,8/27/2022,122,10/21/2022,220,,Permit Entire,1028688,107,40.77841,-73.97766,54,WEST   74 STREET,1,1126,7502,BRIAN T. O'CONNOR,1,DOB NOW,Construction or Maintenance
M00489780-I1,MANHATTAN,,10/12/2021,8/27/2022,318,10/10/2022,1,,Permit Entire,1064415,112,40.85152,-73.93547,4295,BROADWAY,1,2180,108,BRIAN T. O'CONNOR,1,DOB NOW,Construction or Maintenance
M00491848-I1,MANHATTAN,,4/6/2022,8/27/2022,142,9/30/2022,302,,Permit Entire,1028230,107,40.77279,-73.97886,65,CENTRAL PARK WEST,1,1119,29,ASHRAF CORP,1,DOB NOW,Local Law 11
M00492062-I1,MANHATTAN,,4/29/2022,8/27/2022,119,4/29/2023,142,,Permit Entire,1011714,102,40.73955,-74.00354,305,WEST   13 STREET,1,629,44,ASHRAF CORP,1,DOB NOW,Local Law 11
M00493516-I1,MANHATTAN,,10/19/2021,8/27/2022,311,10/5/2022,1040,,Permit Entire,1083596,104,40.74673,-73.99923,321,WEST   24 STREET,1,748,1,ASHRAF CORP,1,DOB NOW,Local Law 11
M00495001-I1,MANHATTAN,,5/28/2022,8/27/2022,90,3/17/2023,16,,Permit Entire,1054002,111,40.80558,-73.94179,13,EAST  124 STREET,1,1749,9,BRIAN T. O'CONNOR,1,DOB NOW,Construction or Maintenance
M00498775-I1,MANHATTAN,,10/27/2021,8/27/2022,303,10/5/2022,191,,Permit Entire,1031306,107,40.78461,-73.97121,15,WEST   84 STREET,1,1198,19,ASHRAF CORP,1,DOB NOW,Local Law 11
M00500373-I1,MANHATTAN,,4/29/2022,8/27/2022,119,4/29/2023,165,,Permit Entire,1043923,108,40.76792,-73.95975,225,EAST   70 STREET,1,1425,17,ASHRAF CORP,1,DOB NOW,Local Law 11
M00500693-I1,MANHATTAN,,10/20/2021,8/27/2022,310,9/5/2022,138,,Permit Entire,1001716,103,40.71463,-73.9975,18,BOWERY,1,162,53,PAUL PERDEK  PROF. ENG. PLLC,1,DOB NOW,Construction or Maintenance
M00501426-I1,MANHATTAN,,4/1/2022,8/27/2022,147,4/1/2023,65,,Permit Entire,1059285,109,40.81028,-73.95443,107,MORNINGSIDE AVENUE,1,1950,64,KZ ENGINEERING  PC,1,DOB NOW,Construction or Maintenance
M00501546-I1,MANHATTAN,,4/19/2022,8/27/2022,129,2/6/2023,35,,Permit Entire,1077974,103,40.72601,-73.99033,25,EAST THIRD STREET,1,459,37,BRIAN T. O'CONNOR,1,DOB NOW,Construction or Maintenance
M00502827-I1,MANHATTAN,,9/17/2021,8/27/2022,343,4/1/2023,171,,Permit Entire,1087726,105,40.74513,-73.98551,11,EAST   29 STREET,1,859,7501,BRIAN T. O'CONNOR,1,DOB NOW,Local Law 11
M00503986-I1,MANHATTAN,,4/19/2022,8/27/2022,129,2/6/2023,30,,Permit Entire,1041107,108,40.76682,-73.96803,46,EAST   65 STREET,1,1379,144,BRIAN T. O'CONNOR,1,DOB NOW,Construction or Maintenance
M00504468-I1,MANHATTAN,,3/4/2022,8/27/2022,175,11/3/2022,369,,Permit Entire,1056558,107,40.79887,-73.96935,235,WEST  102 STREET,1,1874,7501,NICHOLAS J. DEFELICE  P.E.,1,DOB NOW,Local Law 11
M00504864-I1,MANHATTAN,,9/17/2021,8/27/2022,343,4/1/2023,112,,Permit Entire,1042490,108,40.76844,-73.96293,147,EAST   69 STREET,1,1404,25,ASHRAF CORP,1,DOB NOW,Construction or Maintenance
M00506163-I1,MANHATTAN,,7/8/2022,8/27/2022,49,10/6/2022,28,,Permit Entire,1041787,108,40.77519,-73.96462,953,5 AVENUE,1,1391,4,ASHRAF CORP,1,DOB NOW,Local Law 11
M00506398-I1,MANHATTAN,,10/7/2021,8/27/2022,323,10/7/2022,137,,Permit Entire,1048574,108,40.77557,-73.95489,222,EAST   82 STREET,1,1527,35,ENTHINK ENGINEERING LLC,1,DOB NOW,Local Law 11
M00506766-I1,MANHATTAN,,6/10/2022,8/27/2022,77,1/6/2023,20,,Permit Entire,1041127,108,40.76762,-73.96873,760,MADISON AVENUE,1,1380,17,PATUXENT ENGINEERING  LLC,1,DOB NOW,Construction or Maintenance
M00509062-I1,MANHATTAN,,4/21/2022,8/27/2022,127,9/12/2022,40,,Permit Entire,1028705,107,40.77834,-73.97631,31,WEST   74 STREET,1,1127,16,SYED ENGINEERING  P.C.,1,DOB NOW,Construction or Maintenance
M00509543-I1,MANHATTAN,,10/20/2021,8/27/2022,310,10/5/2022,849,,Permit Entire,1078541,104,40.7462,-73.99982,350,WEST   24 STREET,1,747,1,ASHRAF CORP,1,DOB NOW,Local Law 11
M00510346-I1,MANHATTAN,,5/19/2022,8/27/2022,99,9/30/2022,316,,Permit Entire,1019782,106,40.73915,-73.98251,200,EAST   24 STREET,1,904,50,ASHRAF CORP,1,DOB NOW,Local Law 11
M00510474-I1,MANHATTAN,,6/22/2022,8/27/2022,65,1/25/2023,74,,Permit Entire,1016730,105,40.74022,-73.98796,27,EAST   22 STREET,1,851,7502,NAVI STRUCTURAL ENGINEERING  PLLC,1,DOB NOW,Local Law 11
M00511825-I1,MANHATTAN,,5/2/2022,8/27/2022,116,2/28/2023,301,,Permit Entire,1015393,105,40.73767,-73.99293,110,5 AVENUE,1,818,41,SYED ENGINEERING  P.C.,1,DOB NOW,Local Law 11
M00512701-I1,MANHATTAN,,5/24/2022,8/27/2022,94,12/31/2022,304,,Permit Entire,1046770,108,40.77923,-73.96153,1016,5 AVENUE,1,1494,69,OSPINO ENGINEERING PLLC,1,DOB NOW,Local Law 11
M00516279-I1,MANHATTAN,,5/6/2022,8/27/2022,112,1/6/2023,100,,Permit Entire,1078483,104,40.74108,-74.00455,351,WEST   14 STREET,1,738,8,PATUXENT ENGINEERING  LLC,1,DOB NOW,Construction or Maintenance
M00516691-I1,MANHATTAN,,4/19/2022,8/27/2022,129,4/14/2023,497,,Permit Entire,1084357,103,40.7182,-73.98193,80,PITT STREET,1,338,1,JOEL PHAGOO P.E. PLLC,1,DOB NOW,Construction or Maintenance
M00517488-I1,MANHATTAN,,5/4/2022,8/27/2022,114,9/21/2022,166,,Permit Entire,1041379,108,40.77114,-73.96465,50,EAST   72 STREET,1,1386,7501,KZ ENGINEERING  PC,1,DOB NOW,Local Law 11
M00518235-I1,MANHATTAN,,5/23/2022,8/27/2022,95,1/6/2023,335,,Permit Entire,1022565,105,40.75403,-73.98539,5,BRYANT PARK,1,993,29,PATUXENT ENGINEERING  LLC,1,DOB NOW,Local Law 11
M00518565-I1,MANHATTAN,,5/25/2022,8/27/2022,93,3/31/2023,160,,Permit Entire,1023724,105,40.76512,-73.97835,123,WEST   57 STREET,1,1010,15,SRL ASSOCIATES,1,DOB NOW,Local Law 11
M00519186-I1,MANHATTAN,,4/22/2022,8/27/2022,126,9/30/2022,211,,Permit Entire,1089972,104,40.75268,-73.9977,401,9 AVENUE,1,729,60,BRAND ACCESS SOLUTIONS,1,DOB NOW,Construction or Maintenance
M00520606-I1,MANHATTAN,,5/4/2022,8/27/2022,114,9/21/2022,316,,Permit Entire,1000042,101,40.70404,-74.01375,1,BOWLING GREEN,1,12,1,KZ ENGINEERING  PC,1,DOB NOW,Construction or Maintenance
M00521278-I1,MANHATTAN,,6/16/2022,8/27/2022,71,11/7/2022,135,,Permit Entire,1087079,112,40.8544,-73.93541,736,WEST  187 STREET,1,2180,7503,ARQUITECTURA VARELA,1,DOB NOW,Construction or Maintenance
M00521408-I1,MANHATTAN,,5/12/2022,8/27/2022,106,2/28/2023,844,,Permit Entire,1084113,109,40.81252,-73.9587,90,LA SALLE STREET,1,1978,1,TOHFAZ UDDIN PE PC,1,DOB NOW,Local Law 11
Q00445720-I1,QUEENS,,1/3/2022,8/27/2022,235,1/3/2023,85,,Permit Entire,4117152,407,40.75483,-73.82229,140-30,BEECH AVENUE,4,5186,19,AP PROFESSIONAL ENGINEERING PLLC,1,DOB NOW,Construction or Maintenance
Q00445881-I1,QUEENS,,12/23/2021,8/27/2022,246,11/5/2022,481,,Permit Entire,4303810,414,40.58308,-73.82212,101-19,ROCKAWAY BEACH BOULEVARD,4,16174,23,PAUL PERDEK  PROF. ENG. PLLC,1,DOB NOW,Construction or Maintenance
Q00451570-I1,QUEENS,,1/20/2022,8/27/2022,218,1/20/2023,140,,Permit Entire,4000071,402,40.74531,-73.95543,5-01,47 ROAD,4,29,21,ENTHINK ENGINEERING LLC,1,DOB NOW,Construction or Maintenance
Q00455400-I1,QUEENS,,4/6/2022,8/27/2022,142,12/31/2022,198,,Permit Entire,4430787,401,40.77355,-73.93485,4-03,ASTORIA BOULEVARD,4,490,101,BITOPI CONSULTANTS LLC,1,DOB NOW,Local Law 11
Q00455411-I1,QUEENS,,5/5/2022,8/27/2022,113,4/6/2023,30,,Permit Entire,4072592,406,40.72673,-73.86069,64-64,WETHEROLE STREET,4,3098,16,ENTHINK ENGINEERING LLC,1,DOB NOW,Construction or Maintenance
Q00462578-I1,QUEENS,,4/20/2022,8/27/2022,128,12/31/2022,320,,Permit Entire,4436317,414,40.58881,-73.80931,84-10,ROCKAWAY BEACH BOULEVARD,4,16114,2,JOEL PHAGOO P.E. PLLC,1,DOB NOW,Local Law 11
Q00462595-I1,QUEENS,,4/21/2022,8/27/2022,127,12/31/2022,190,,Permit Entire,4463573,414,40.58881,-73.80931,82-02,ROCKAWAY BEACH BOULEVARD,4,16114,2,JOEL PHAGOO P.E. PLLC,1,DOB NOW,Local Law 11
Q00468617-I1,QUEENS,,7/16/2022,8/27/2022,41,8/30/2022,305,,Permit Entire,4623184,407,40.75533,-73.82744,136-18,MAPLE AVENUE,4,5135,3,BRIAN T. O'CONNOR,1,DOB NOW,Construction or Maintenance
Q00487887-I1,QUEENS,,2/17/2022,8/27/2022,190,9/30/2022,540,,Permit Entire,4614896,401,40.77456,-73.93361,3-24,27 AVENUE,4,490,80,BRAND ACCESS SOLUTIONS,1,DOB NOW,Construction or Maintenance
Q00501450-I1,QUEENS,,9/28/2021,8/27/2022,332,9/28/2022,127,,Permit Entire,4618771,404,40.74531,-73.86397,98-37,CORONA AVENUE,4,1629,134,PAUL PERDEK  PROF. ENG. PLLC,0,DOB NOW,Construction or Maintenance
Q00509130-I1,QUEENS,,9/17/2021,8/27/2022,343,9/17/2022,64,,Permit Entire,4436864,401,40.76806,-73.92484,25-10,30 AVENUE,4,576,12,BRIAN T. O'CONNOR,1,DOB NOW,Construction or Maintenance
S00459412-I1,STATEN ISLAND,,1/27/2022,8/27/2022,211,9/30/2022,935,,Permit Entire,5106523,501,40.63588,-74.10556,355,BARD AVENUE,5,102,1,ASHRAF CORP,1,DOB NOW,Construction or Maintenance
S00513170-I1,STATEN ISLAND,,4/26/2022,8/27/2022,122,3/17/2023,176,,Permit Entire,5107039,501,40.64016,-74.13199,24,PORT RICHMOND AVENUE,5,1073,70,BRIAN T. O'CONNOR,1,DOB NOW,Construction or Maintenance
X00445891-I1,BRONX,,5/10/2022,8/27/2022,108,4/1/2023,35,,Permit Entire,2057689,212,40.87854,-73.8648,715,EAST  212 STREET,2,4657,88,ORLI ESHKAR ARCHITECT PLLC,0,DOB NOW,Construction or Maintenance
X00447940-I1,BRONX,,1/19/2022,8/27/2022,219,1/19/2023,241,,Permit Entire,2000024,201,40.80664,-73.92066,190,BROWN PLACE,2,2264,1,BRIAN T. O'CONNOR,1,DOB NOW,Construction or Maintenance
X00453702-I1,BRONX,,4/13/2022,8/27/2022,135,3/31/2023,573,,Permit Entire,2103483,208,40.90523,-73.90612,5610,NETHERLAND AVENUE,2,5953,550,PAUL PERDEK  PROF. ENG. PLLC,1,DOB NOW,Construction or Maintenance
X00455709-I1,BRONX,,7/5/2022,8/27/2022,52,3/7/2023,321,,Permit Entire,2063239,212,40.89238,-73.86102,4128,CARPENTER AVENUE,2,4833,45,NY RESTORATION TECHNOLOGY CORP,1,DOB NOW,Construction or Maintenance
X00465998-I1,BRONX,,2/3/2022,8/27/2022,204,2/3/2023,49,,Permit Entire,2129212,209,40.81465,-73.8662,359,BRONX RIVER AVENUE,2,3515,20,BRIAN T. O'CONNOR,1,DOB NOW,Construction or Maintenance
X00465999-I1,BRONX,,2/4/2022,8/27/2022,203,2/4/2023,41,,Permit Entire,2129206,209,40.81465,-73.8662,1719,LACOMBE AVENUE,2,3515,20,BRIAN T. O'CONNOR,1,DOB NOW,Construction or Maintenance
X00466002-I1,BRONX,,2/3/2022,8/27/2022,204,2/3/2023,45,,Permit Entire,2129211,209,40.81465,-73.8662,355,BRONX RIVER AVENUE,2,3515,20,BRIAN T. O'CONNOR,1,DOB NOW,Construction or Maintenance
X00466005-I1,BRONX,,2/3/2022,8/27/2022,204,2/3/2023,65,,Permit Entire,2129205,209,40.81465,-73.8662,351,BRONX RIVER AVENUE,2,3515,20,BRIAN T. O'CONNOR,1,DOB NOW,Construction or Maintenance
X00471165-I1,BRONX,,2/22/2022,8/27/2022,185,11/12/2022,636,,Permit Entire,2095396,210,40.87501,-73.82836,100,ASCH LOOP,2,5141,120,ENTHINK ENGINEERING LLC,1,DOB NOW,Local Law 11
X00475503-I1,BRONX,,3/23/2022,8/27/2022,156,1/24/2023,170,,Permit Entire,2092382,204,40.83696,-73.92269,1245,EDWARD L GRANT HIGHWAY,2,2506,54,SYED ENGINEERING  P.C.,1,DOB NOW,Construction or Maintenance
X00479133-I1,BRONX,,4/15/2022,8/27/2022,133,3/31/2023,580,,Permit Entire,2002901,204,40.82558,-73.9256,811,WALTON AVENUE,2,2474,1,FL&M ENGINEERING DESIGN &INSPECTION,0,DOB NOW,Local Law 11
X00486007-I1,BRONX,,9/17/2021,8/27/2022,343,4/1/2023,178,,Permit Entire,2007749,205,40.85127,-73.9039,2020,GRAND CONCOURSE,2,2812,17,BRIAN T. O'CONNOR,1,DOB NOW,Local Law 11
X00487108-I1,BRONX,,3/16/2022,8/27/2022,163,1/24/2023,90,,Permit Entire,2130545,209,40.8204,-73.86692,747,ROSEDALE AVENUE,2,3594,43,SYED ENGINEERING  P.C.,1,DOB NOW,Construction or Maintenance
X00487756-I1,BRONX,,2/22/2022,8/27/2022,185,2/22/2023,416,,Permit Entire,2120490,205,40.84757,-73.91055,1761,WALTON AVENUE,2,2850,63,TOHFAZ UDDIN PE PC,1,DOB NOW,Construction or Maintenance
X00492172-I1,BRONX,,4/22/2022,8/27/2022,126,11/11/2022,40,,Permit Entire,2009707,203,40.83355,-73.90115,1373,FRANKLIN AVENUE,2,2931,70,KNF SERVICES CORP,1,DOB NOW,Construction or Maintenance
X00492254-I1,BRONX,,4/22/2022,8/27/2022,126,11/11/2022,185,,Permit Entire,2003279,204,40.83557,-73.92715,125,WEST  166 STREET,2,2514,77,KNF SERVICES CORP,1,DOB NOW,Construction or Maintenance
X00492263-I1,BRONX,,4/22/2022,8/27/2022,126,11/11/2022,180,,Permit Entire,2003258,204,40.83527,-73.92736,130,WEST  166 STREET,2,2514,20,KNF SERVICES CORP,1,DOB NOW,Construction or Maintenance
X00492623-I1,BRONX,,4/22/2022,8/27/2022,126,11/11/2022,100,,Permit Entire,2003251,204,40.83609,-73.92613,1144,NELSON AVENUE,2,2513,50,KNF SERVICES CORP,1,DOB NOW,Construction or Maintenance
X00495488-I1,BRONX,,5/16/2022,8/27/2022,102,9/30/2022,467,,Permit Entire,2003981,201,40.80113,-73.91301,781,EAST  133 STREET,2,2585,1,ASHRAF CORP,1,DOB NOW,Construction or Maintenance
X00503658-I1,BRONX,,4/6/2022,8/27/2022,142,12/31/2022,1350,,Permit Entire,2092072,203,40.83486,-73.90732,1368,WEBSTER AVENUE,2,2894,1,IKRA CONSULTING LLC,1,DOB NOW,Local Law 11
X00505705-I1,BRONX,,4/26/2022,8/27/2022,122,12/27/2022,450,,Permit Entire,2006214,202,40.82309,-73.88738,1032,ALDUS STREET,2,2755,29,SYED ENGINEERING  P.C.,1,DOB NOW,Construction or Maintenance
X00511800-I1,BRONX,,3/22/2022,8/27/2022,157,2/26/2023,215,,Permit Entire,2057272,212,40.87864,-73.86814,635,EAST  211 STREET,2,4641,60,SYED ENGINEERING  P.C.,1,DOB NOW,Construction or Maintenance
103650185,Manhattan,0,5/15/2018,8/27/2022,1564,5/11/2023,0,METAL & WOOD,R,1026740,104,40.76591110229492,-73.98980712890625,426,WEST 53 STREET,1,01062,00003,ADAM'S EUROPEAN CONTRACTI,1,BIS SCA,Construction or Maintenance
103650719,Manhattan,0,10/25/2018,8/27/2022,1401,9/16/2022,0,METAL & WOOD,R,1051497,111,40.792301177978516,-73.95142364501953,5,EAST 103 STREET,1,01609,00007,WHITESTONE CONSTRUCTION C,1,BIS SCA,Construction or Maintenance
103651157,Manhattan,0,12/21/2018,8/27/2022,1344,10/21/2022,0,METAL & WOOD,R,1063947,112,40.85055923461914,-73.93396759033203,185,WADSWORTH AVENUE,1,02165,00026,POSITIVE ELEC ASSOC INC,1,BIS SCA,Construction or Maintenance
103651193,Manhattan,0,1/11/2019,8/27/2022,1323,12/23/2022,0,METAL & WOOD,R,1005626,103,40.722408294677734,-73.99047088623047,194,FORSYTH STREET,1,00422,00072,SKYWORX CONTRACTING INC,1,BIS SCA,Construction or Maintenance
103651898,Manhattan,0,5/22/2019,8/27/2022,1192,6/6/2023,0,METAL & WOOD,R,1013260,104,40.74419021606445,-74.00074768066406,314,WEST 21 STREET,1,00744,00024,ADAM'S EUROPEAN CONTRACTI,1,BIS SCA,Construction or Maintenance
103652192,Manhattan,0,9/19/2019,8/27/2022,1072,9/10/2022,0,METAL & WOOD,R,1076751,112,40.85660934448242,-73.92598724365234,549,AUDOBON AVENUE,1,02160,00018,WHITESTONE CONSTRUCTION C,1,BIS SCA,Construction or Maintenance
104213637,Manhattan,0,8/28/2020,8/27/2022,728,8/17/2023,0,METAL & WOOD,R,1030196,107,40.78173828125,-73.97805786132812,138,WEST 78 STREET,1,01149,00007,ROMA SCAFFOLDING INC,1,BIS SCA,Construction or Maintenance
104213682,Manhattan,0,10/1/2020,8/27/2022,694,10/27/2022,0,METAL & WOOD,R,1003736,103,40.714351654052734,-73.9830322265625,287,HENRY STREET,1,00288,00015,WHITESTONE CONSTRUCTION C,1,BIS SCA,Construction or Maintenance
104213824,Manhattan,0,5/27/2020,8/27/2022,821,6/13/2023,0,METAL & WOOD,R,1055911,107,40.7971305847168,-73.96678161621094,132,WEST 102 STREET,1,01855,00009,IMPERIUM CONSTRUCTION INC,1,BIS SCA,Construction or Maintenance
201202947,Bronx,0,8/28/2019,8/27/2022,1094,8/18/2023,0,METAL & WOOD,R,2008460,205,40.849369049072266,-73.91532897949219,1700,MACOMBS ROAD,2,02866,00070,PJP INSTALLERS INC,1,BIS SCA,Construction or Maintenance
201202992,Bronx,0,8/29/2019,8/27/2022,1093,8/30/2022,0,METAL & WOOD,R,2080231,210,40.827030181884766,-73.82908630371094,2750,LAFAYETTE AVENUE,2,05547,00001,ADAM'S EUROPEAN CONTRACTI,1,BIS SCA,Construction or Maintenance
201203330,Bronx,0,10/21/2019,8/27/2022,1040,9/16/2022,0,METAL & WOOD,R,2004548,201,40.813880920410156,-73.90836334228516,548,JACKSON AVENUE,2,02642,00001,WHITESTONE CONSTRUCTION C,1,BIS SCA,Construction or Maintenance
201203349,Bronx,0,11/19/2019,8/27/2022,1011,10/22/2022,0,METAL & WOOD,R,2013561,205,40.85647964477539,-73.8988265991211,2252,RYER AVENUE,2,03150,00010,ROMA SCAFFOLDING INC,1,BIS SCA,Construction or Maintenance
201203410,Bronx,0,11/20/2019,8/27/2022,1010,11/9/2022,0,METAL & WOOD,R,2004496,203,40.822288513183594,-73.90675354003906,890,CAULDWELL AVENUE,2,02631,00048,ADAM'S EUROPEAN CONTRACTI,1,BIS SCA,Construction or Maintenance
201203526,Bronx,0,11/21/2019,8/27/2022,1009,12/28/2022,0,METAL & WOOD,R,2004496,203,40.822288513183594,-73.90675354003906,890,CAULDWELL AVENUE,2,02631,00048,EVERLAST SCAFFOLDING INC,1,BIS SCA,Construction or Maintenance
302582337,Brooklyn,0,3/30/2018,8/27/2022,1610,4/5/2023,0,GALV STEEL,R,3076908,304,40.69643020629883,-73.9117431640625,374,IRVING AVENUE,3,03365,00098,PADILLA CONSTRUCTION SERV,1,BIS SCA,Construction or Maintenance
302583611,Brooklyn,0,7/12/2018,8/27/2022,1506,8/16/2023,0,METAL & WOOD,R,3071962,304,40.70235824584961,-73.92970275878906,271,MELROSE STREET,3,03157,00037,EVERLAST SCAFFOLDING INC,1,BIS SCA,Construction or Maintenance
302583844,Brooklyn,0,8/2/2018,8/27/2022,1485,8/12/2023,0,METAL & WOOD,R,3325733,301,40.7110481262207,-73.93900299072266,850,GRAND STREET,3,03016,00001,WHITESTONE CONSTRUCTION C,1,BIS SCA,Construction or Maintenance
302584601,Brooklyn,0,11/30/2018,8/27/2022,1365,12/28/2022,0,METAL & WOOD,R,3396829,311,40.60683822631836,-73.98673248291016,34,AVENUE P,3,06618,00001,SKYWORX CONTRACTING INC,1,BIS SCA,Construction or Maintenance
302585584,Brooklyn,0,1/17/2019,8/27/2022,1317,10/1/2022,0,METAL & WOOD,R,3000216,302,40.69733810424805,-73.9845199584961,49,FLATBUSH AVENUE EXTENSION,3,00120,00020,ADAM'S EUROPEAN CONTRACTI,1,BIS SCA,Local Law 11
302585815,Brooklyn,0,2/22/2019,8/27/2022,1281,2/17/2023,0,METAL & WOOD,R,3058752,302,40.68891143798828,-73.97643280029297,1,FORT GREENE PLACE,3,02098,00013,ROMA SCAFFOLDING INC,1,BIS SCA,Local Law 11
302586618,Brooklyn,0,5/15/2019,8/27/2022,1199,5/11/2023,0,METAL & WOOD,R,3009847,307,40.65768051147461,-74.00019836425781,817,4 AVENUE,3,00669,00001,ADAM'S EUROPEAN CONTRACTI,1,BIS SCA,Construction or Maintenance
302586912,Brooklyn,0,5/28/2019,8/27/2022,1186,5/11/2023,0,METAL & WOOD,R,3000158,302,40.7017707824707,-73.9817123413086,209,YORK STREET,3,00056,00007,ADAM'S EUROPEAN CONTRACTI,1,BIS SCA,Construction or Maintenance
321068820,Brooklyn,0,9/23/2019,8/27/2022,1068,9/17/2022,0,METAL & WOOD,R,3051641,303,40.68465042114258,-73.94788360595703,832,MARCY AVENUE,3,01823,00038,PJP INSTALLERS INC,1,BIS SCA,Construction or Maintenance
322048020,Brooklyn,0,11/22/2019,8/27/2022,1008,11/8/2022,0,METAL & WOOD,R,3104598,317,40.64772033691406,-73.9222183227539,5702,TILDEN AVENUE,3,04742,00001,KEL-TECH CONSTRUCTION INC,1,BIS SCA,Construction or Maintenance
322048057,Brooklyn,0,10/25/2019,8/27/2022,1036,9/16/2022,0,METAL & WOOD,R,3097334,305,40.65983963012695,-73.88996887207031,564,HEGEMAN AVENUE,3,04324,00001,WHITESTONE CONSTRUCTION C,1,BIS SCA,Construction or Maintenance
322048510,Brooklyn,0,11/20/2019,8/27/2022,1010,11/9/2022,0,METAL & WOOD,R,3066698,301,40.7216911315918,-73.95320892333984,50,BEDFORD AVENUE,3,02670,00001,ADAM'S EUROPEAN CONTRACTI,1,BIS SCA,Construction or Maintenance
322048592,Brooklyn,0,11/26/2019,8/27/2022,1004,12/16/2022,0,METAL & WOOD,R,3010580,307,40.65217971801758,-74.00762176513672,4002,   4 AVENUE,3,00713,00020,J & N CONSTRUCTION GROUP,1,BIS SCA,Construction or Maintenance
322048798,Brooklyn,0,1/24/2020,8/27/2022,945,3/23/2023,0,METAL & WOOD,R,3115866,309,40.656280517578125,-73.95381164550781,571,PARKSIDE AVENUE,3,05049,00055,ADAM'S EUROPEAN CONTRACTI,1,BIS SCA,Construction or Maintenance
322048921,Brooklyn,0,12/20/2019,8/27/2022,980,1/19/2023,0,METAL & WOOD,R,3021057,306,40.67237091064453,-73.98504638671875,364,   5 AVENUE,3,00981,00111,ADAM'S EUROPEAN CONTRACTI,1,BIS SCA,Construction or Maintenance
322050418,Brooklyn,0,2/18/2020,8/27/2022,920,2/22/2023,0,METAL & WOOD,R,3332865,302,40.685890197753906,-73.96589660644531,395,WAVERLY AVENUE,3,01962,00010,TRIANGLE ENTERPRISE NYC I,1,BIS SCA,Construction or Maintenance
322050472,Brooklyn,0,3/12/2020,8/27/2022,897,3/8/2023,0,METAL & WOOD,R,3083660,305,40.673770904541016,-73.89598083496094,143,PENNSYLVANIA AVENUE,3,03704,00001,ROMA SCAFFOLDING INC,1,BIS SCA,Construction or Maintenance
322053219,Brooklyn,0,5/27/2020,8/27/2022,821,5/26/2023,0,METAL & WOOD,R,3157466,311,40.612239837646484,-73.98719787597656,7000,  21 AVENUE,3,06174,00036,PRIME CONTRACTORS  INC,1,BIS SCA,Construction or Maintenance
322053415,Brooklyn,0,12/15/2020,8/27/2022,619,12/13/2022,0,METAL & WOOD,R,3184034,315,40.604339599609375,-73.9558334350586,1866,EAST   17 STREET,3,06821,00123,WHITESTONE CONSTRUCTION C,1,BIS SCA,Construction or Maintenance
322053683,Brooklyn,0,3/28/2021,8/27/2022,516,3/10/2023,0,WOOD/ PIPE,R,3426619,307,40.653350830078125,-74.002197265625,840,   5 AVENUE,3,00693,00039,AMCC CORP,1,BIS SCA,Construction or Maintenance
421100310,Queens,0,11/27/2018,8/27/2022,1368,10/18/2022,0,METAL & WOOD,R,4083519,405,40.71139144897461,-73.90480041503906,62-85,FOREST AVENUE,4,03492,00007,ADVANCED CONSTRUCTION EQU,1,BIS SCA,Construction or Maintenance
421102951,Queens,0,10/1/2019,8/27/2022,1060,11/29/2022,0,METAL & WOOD,R,4202849,410,40.67829895019531,-73.83679962158203,101-08,ROCKAWAY BOULEVARD,4,09540,00002,TRIANGLE ENTERPRISE NYC I,1,BIS SCA,Construction or Maintenance
421898094,Queens,0,10/11/2019,8/27/2022,1050,9/16/2022,0,METAL & WOOD,R,4247572,410,40.679080963134766,-73.83101654052734,108-02,109 AVENUE,4,11475,00011,ADAM'S EUROPEAN CONTRACTI,1,BIS SCA,Construction or Maintenance
421898174,Queens,0,9/30/2019,8/27/2022,1061,10/7/2022,0,METAL & WOOD,R,4149078,408,40.73719024658203,-73.79450225830078,64-02,175 STREET,4,06903,00001,KEL-TECH CONSTRUCTION INC,1,BIS SCA,Construction or Maintenance
421898441,Queens,0,11/21/2019,8/27/2022,1009,1/5/2023,0,WOOD & METAL,R,4619619,411,40.75226974487305,-73.75740051269531,221-15,  58 AVENUE,4,07529,00001,ARNELL CONSTRUCTION CORP,1,BIS SCA,Construction or Maintenance
421898600,Queens,0,11/22/2019,8/27/2022,1008,11/8/2022,0,METAL & WOOD,R,4128231,411,40.74348068237305,-73.78740692138672,56-37,188 STREET,4,05674,00002,KEL-TECH CONSTRUCTION INC,1,BIS SCA,Construction or Maintenance
421898806,Queens,0,12/12/2019,8/27/2022,988,12/1/2022,0,METAL & WOOD,R,4253607,410,40.67502975463867,-73.81672668457031,121-10,ROCKAWAY BOULEVARD,4,11714,00100,KEL-TECH CONSTRUCTION INC,1,BIS SCA,Construction or Maintenance
421898904,Queens,0,1/22/2020,8/27/2022,947,1/26/2023,0,METAL & WOOD,R,4092660,405,40.705169677734375,-73.87507629394531,74-01,78 AVENUE,4,03812,00020,KEL-TECH CONSTRUCTION INC,1,BIS SCA,Construction or Maintenance
421898922,Queens,0,1/14/2020,8/27/2022,955,3/7/2023,0,METAL & WOOD,R,4116436,407,40.74951934814453,-73.82141876220703,46-21,COLDEN STREET,4,05147,00001,POSITIVE ELEC ASSOC INC,1,BIS SCA,Construction or Maintenance
421899137,Queens,0,2/18/2020,8/27/2022,920,1/18/2023,0,PLYWOOD/ PIPE,R,4000846,402,40.74974822998047,-73.91593170166016,38-04,48 STREET,4,00125,00010,NAVILLUS TILE INC,1,BIS SCA,Construction or Maintenance
500876563,Staten Island,0,11/20/2019,8/27/2022,1010,12/6/2022,0,METAL & WOOD,R,5002227,501,40.63452911376953,-74.09799194335938,445,CASTLETON AVENUE,5,00100,00100,KEL-TECH CONSTRUCTION INC,1,BIS SCA,Construction or Maintenance
